timestamp,mac,rssi
2025-04-21T22:19:44Z,88:c6:26:3f:3b:75,-87
2025-04-21T22:19:45Z,88:c6:26:3f:3b:75,-88
2025-04-21T22:19:46Z,88:c6:26:3f:3b:75,-85
2025-04-21T22:19:48Z,88:c6:26:3f:3b:75,-85
2025-04-21T22:19:49Z,88:c6:26:3f:3b:75,-83
2025-04-21T22:19:50Z,88:c6:26:3f:3b:75,-83
2025-04-21T22:19:51Z,88:c6:26:3f:3b:75,-84
2025-04-21T22:19:53Z,88:c6:26:3f:3b:75,-87
2025-04-21T22:19:54Z,88:c6:26:3f:3b:75,-84
2025-04-21T22:19:55Z,88:c6:26:3f:3b:75,-84
2025-04-21T22:19:56Z,88:c6:26:3f:3b:75,-85
2025-04-21T22:19:57Z,88:c6:26:3f:3b:75,-86
2025-04-21T22:19:58Z,88:c6:26:3f:3b:75,-83
2025-04-21T22:19:59Z,88:c6:26:3f:3b:75,-85
2025-04-21T22:20:00Z,88:c6:26:3f:3b:75,-84
2025-04-21T22:20:02Z,88:c6:26:3f:3b:75,-84
2025-04-21T22:20:03Z,88:c6:26:3f:3b:75,-87
2025-04-21T22:20:05Z,88:c6:26:3f:3b:75,-86
2025-04-21T22:20:07Z,88:c6:26:3f:3b:75,-87
2025-04-21T22:20:08Z,88:c6:26:3f:3b:75,-86
2025-04-21T22:20:09Z,88:c6:26:3f:3b:75,-88
2025-04-21T22:20:10Z,88:c6:26:3f:3b:75,-84
2025-04-21T22:20:11Z,88:c6:26:3f:3b:75,-86
2025-04-21T22:20:12Z,88:c6:26:3f:3b:75,-85
2025-04-21T22:20:13Z,88:c6:26:3f:3b:75,-84
2025-04-21T22:20:14Z,88:c6:26:3f:3b:75,-84
2025-04-21T22:20:15Z,88:c6:26:3f:3b:75,-84
2025-04-21T22:20:16Z,88:c6:26:3f:3b:75,-83
2025-04-21T22:20:19Z,88:c6:26:3f:3b:75,-89
2025-04-21T22:20:20Z,88:c6:26:3f:3b:75,-84
2025-04-21T22:20:21Z,88:c6:26:3f:3b:75,-84
2025-04-21T22:20:22Z,88:c6:26:3f:3b:75,-87
2025-04-21T22:20:23Z,88:c6:26:3f:3b:75,-84
2025-04-21T22:20:25Z,88:c6:26:3f:3b:75,-87
2025-04-21T22:20:26Z,88:c6:26:3f:3b:75,-81
2025-04-21T22:20:27Z,88:c6:26:3f:3b:75,-85
2025-04-21T22:20:28Z,88:c6:26:3f:3b:75,-87
2025-04-21T22:20:29Z,88:c6:26:3f:3b:75,-84
2025-04-21T22:20:30Z,88:c6:26:3f:3b:75,-87
2025-04-21T22:20:31Z,88:c6:26:3f:3b:75,-87
2025-04-21T22:20:32Z,88:c6:26:3f:3b:75,-83
2025-04-21T22:20:34Z,88:c6:26:3f:3b:75,-83
2025-04-21T22:20:35Z,88:c6:26:3f:3b:75,-83
2025-04-21T22:20:36Z,88:c6:26:3f:3b:75,-86
2025-04-21T22:20:39Z,88:c6:26:3f:3b:75,-88
2025-04-21T22:20:40Z,88:c6:26:3f:3b:75,-84
2025-04-21T22:20:41Z,88:c6:26:3f:3b:75,-84
2025-04-21T22:20:42Z,88:c6:26:3f:3b:75,-85
2025-04-21T22:20:43Z,88:c6:26:3f:3b:75,-85
2025-04-21T22:20:44Z,88:c6:26:3f:3b:75,-86
2025-04-21T22:20:45Z,88:c6:26:3f:3b:75,-84
2025-04-21T22:20:48Z,88:c6:26:3f:3b:75,-85
2025-04-21T22:20:49Z,88:c6:26:3f:3b:75,-86
2025-04-21T22:20:50Z,88:c6:26:3f:3b:75,-86
2025-04-21T22:20:51Z,88:c6:26:3f:3b:75,-83
2025-04-21T22:20:52Z,88:c6:26:3f:3b:75,-83
2025-04-21T22:20:53Z,88:c6:26:3f:3b:75,-86
2025-04-21T22:20:54Z,88:c6:26:3f:3b:75,-84
2025-04-21T22:20:55Z,88:c6:26:3f:3b:75,-86
2025-04-21T22:20:56Z,88:c6:26:3f:3b:75,-85
2025-04-21T22:20:57Z,88:c6:26:3f:3b:75,-83
2025-04-21T22:21:01Z,88:c6:26:3f:3b:75,-85
2025-04-21T22:21:02Z,88:c6:26:3f:3b:75,-85
2025-04-21T22:21:03Z,88:c6:26:3f:3b:75,-85
2025-04-21T22:21:04Z,88:c6:26:3f:3b:75,-83
2025-04-21T22:21:06Z,88:c6:26:3f:3b:75,-85
2025-04-21T22:21:07Z,88:c6:26:3f:3b:75,-85
2025-04-21T22:21:09Z,88:c6:26:3f:3b:75,-88
2025-04-21T22:21:11Z,88:c6:26:3f:3b:75,-85
2025-04-21T22:21:12Z,88:c6:26:3f:3b:75,-86
2025-04-21T22:21:13Z,88:c6:26:3f:3b:75,-85
2025-04-21T22:21:15Z,88:c6:26:3f:3b:75,-85
2025-04-21T22:21:17Z,88:c6:26:3f:3b:75,-87
2025-04-21T22:21:18Z,88:c6:26:3f:3b:75,-86
2025-04-21T22:21:19Z,88:c6:26:3f:3b:75,-87
2025-04-21T22:21:20Z,88:c6:26:3f:3b:75,-88
2025-04-21T22:21:22Z,88:c6:26:3f:3b:75,-84
2025-04-21T22:21:23Z,88:c6:26:3f:3b:75,-84
2025-04-21T22:21:24Z,88:c6:26:3f:3b:75,-86
2025-04-21T22:21:25Z,88:c6:26:3f:3b:75,-83
2025-04-21T22:21:26Z,88:c6:26:3f:3b:75,-83
2025-04-21T22:21:27Z,88:c6:26:3f:3b:75,-85
2025-04-21T22:21:30Z,88:c6:26:3f:3b:75,-84
2025-04-21T22:21:31Z,88:c6:26:3f:3b:75,-84
2025-04-21T22:21:32Z,88:c6:26:3f:3b:75,-85
2025-04-21T22:21:34Z,88:c6:26:3f:3b:75,-85
2025-04-21T22:21:35Z,88:c6:26:3f:3b:75,-84
2025-04-21T22:21:36Z,88:c6:26:3f:3b:75,-85
2025-04-21T22:21:37Z,88:c6:26:3f:3b:75,-84
2025-04-21T22:21:38Z,88:c6:26:3f:3b:75,-84
2025-04-21T22:21:39Z,88:c6:26:3f:3b:75,-86
2025-04-21T22:21:40Z,88:c6:26:3f:3b:75,-85
2025-04-21T22:21:41Z,88:c6:26:3f:3b:75,-85
2025-04-21T22:21:43Z,88:c6:26:3f:3b:75,-87
2025-04-21T22:21:44Z,88:c6:26:3f:3b:75,-85
2025-04-21T22:21:45Z,88:c6:26:3f:3b:75,-84
2025-04-21T22:21:47Z,88:c6:26:3f:3b:75,-85
2025-04-21T22:21:48Z,88:c6:26:3f:3b:75,-84
2025-04-21T22:21:49Z,88:c6:26:3f:3b:75,-86
2025-04-21T22:21:50Z,88:c6:26:3f:3b:75,-83
2025-04-21T22:21:51Z,88:c6:26:3f:3b:75,-83
2025-04-21T22:21:52Z,88:c6:26:3f:3b:75,-86
2025-04-21T22:21:53Z,88:c6:26:3f:3b:75,-82
2025-04-21T22:21:54Z,88:c6:26:3f:3b:75,-86
2025-04-21T22:21:55Z,88:c6:26:3f:3b:75,-84
2025-04-21T22:21:56Z,88:c6:26:3f:3b:75,-85
2025-04-21T22:21:57Z,88:c6:26:3f:3b:75,-86
2025-04-21T22:21:58Z,88:c6:26:3f:3b:75,-85
2025-04-21T22:22:00Z,88:c6:26:3f:3b:75,-84
2025-04-21T22:22:01Z,88:c6:26:3f:3b:75,-83
2025-04-21T22:22:04Z,88:c6:26:3f:3b:75,-85
2025-04-21T22:22:05Z,88:c6:26:3f:3b:75,-84
2025-04-21T22:22:06Z,88:c6:26:3f:3b:75,-88
2025-04-21T22:22:07Z,88:c6:26:3f:3b:75,-90
2025-04-21T22:22:08Z,88:c6:26:3f:3b:75,-84
2025-04-21T22:22:09Z,88:c6:26:3f:3b:75,-83
2025-04-21T22:22:10Z,88:c6:26:3f:3b:75,-83
2025-04-21T22:22:11Z,88:c6:26:3f:3b:75,-85
2025-04-21T22:22:13Z,88:c6:26:3f:3b:75,-88
2025-04-21T22:22:14Z,88:c6:26:3f:3b:75,-83
2025-04-21T22:22:15Z,88:c6:26:3f:3b:75,-85
2025-04-21T22:22:16Z,88:c6:26:3f:3b:75,-84
2025-04-21T22:22:17Z,88:c6:26:3f:3b:75,-86
2025-04-21T22:22:18Z,88:c6:26:3f:3b:75,-87
2025-04-21T22:22:19Z,88:c6:26:3f:3b:75,-85
2025-04-21T22:22:20Z,88:c6:26:3f:3b:75,-85
2025-04-21T22:22:21Z,88:c6:26:3f:3b:75,-84
2025-04-21T22:22:22Z,88:c6:26:3f:3b:75,-84
2025-04-21T22:22:23Z,88:c6:26:3f:3b:75,-87
2025-04-21T22:22:24Z,88:c6:26:3f:3b:75,-85
2025-04-21T22:22:27Z,88:c6:26:3f:3b:75,-85
2025-04-21T22:22:28Z,88:c6:26:3f:3b:75,-87
2025-04-21T22:22:30Z,88:c6:26:3f:3b:75,-83
2025-04-21T22:22:31Z,88:c6:26:3f:3b:75,-85
2025-04-21T22:22:32Z,88:c6:26:3f:3b:75,-87
2025-04-21T22:22:34Z,88:c6:26:3f:3b:75,-85
2025-04-21T22:22:35Z,88:c6:26:3f:3b:75,-86
2025-04-21T22:22:36Z,88:c6:26:3f:3b:75,-86
2025-04-21T22:22:39Z,88:c6:26:3f:3b:75,-84
2025-04-21T22:22:40Z,88:c6:26:3f:3b:75,-85
2025-04-21T22:22:41Z,88:c6:26:3f:3b:75,-88
2025-04-21T22:22:42Z,88:c6:26:3f:3b:75,-84
2025-04-21T22:22:43Z,88:c6:26:3f:3b:75,-86
2025-04-21T22:22:44Z,88:c6:26:3f:3b:75,-84
2025-04-21T22:22:46Z,88:c6:26:3f:3b:75,-84
2025-04-21T22:22:47Z,88:c6:26:3f:3b:75,-87
2025-04-21T22:22:48Z,88:c6:26:3f:3b:75,-86
2025-04-21T22:22:52Z,88:c6:26:3f:3b:75,-88
2025-04-21T22:22:53Z,88:c6:26:3f:3b:75,-84
2025-04-21T22:22:54Z,88:c6:26:3f:3b:75,-86
2025-04-21T22:22:55Z,88:c6:26:3f:3b:75,-84
2025-04-21T22:22:56Z,88:c6:26:3f:3b:75,-88
2025-04-21T22:22:57Z,88:c6:26:3f:3b:75,-87
2025-04-21T22:22:58Z,88:c6:26:3f:3b:75,-83
2025-04-21T22:22:59Z,88:c6:26:3f:3b:75,-84
2025-04-21T22:23:00Z,88:c6:26:3f:3b:75,-84
2025-04-21T22:23:01Z,88:c6:26:3f:3b:75,-85
2025-04-21T22:23:03Z,88:c6:26:3f:3b:75,-84
2025-04-21T22:23:05Z,88:c6:26:3f:3b:75,-87
2025-04-21T22:23:06Z,88:c6:26:3f:3b:75,-85
2025-04-21T22:23:07Z,88:c6:26:3f:3b:75,-85
2025-04-21T22:23:08Z,88:c6:26:3f:3b:75,-88
2025-04-21T22:23:09Z,88:c6:26:3f:3b:75,-86
2025-04-21T22:23:10Z,88:c6:26:3f:3b:75,-87
2025-04-21T22:23:11Z,88:c6:26:3f:3b:75,-85
2025-04-21T22:23:12Z,88:c6:26:3f:3b:75,-83
2025-04-21T22:23:15Z,88:c6:26:3f:3b:75,-85
2025-04-21T22:23:17Z,88:c6:26:3f:3b:75,-83
2025-04-21T22:23:19Z,88:c6:26:3f:3b:75,-85
2025-04-21T22:23:20Z,88:c6:26:3f:3b:75,-83
2025-04-21T22:23:21Z,88:c6:26:3f:3b:75,-87
2025-04-21T22:23:22Z,88:c6:26:3f:3b:75,-85
2025-04-21T22:23:23Z,88:c6:26:3f:3b:75,-85
2025-04-21T22:23:24Z,88:c6:26:3f:3b:75,-86
2025-04-21T22:23:25Z,88:c6:26:3f:3b:75,-86
2025-04-21T22:23:26Z,88:c6:26:3f:3b:75,-85
2025-04-21T22:23:28Z,88:c6:26:3f:3b:75,-84
2025-04-21T22:23:29Z,88:c6:26:3f:3b:75,-84
2025-04-21T22:23:30Z,88:c6:26:3f:3b:75,-84
2025-04-21T22:23:31Z,88:c6:26:3f:3b:75,-86
2025-04-21T22:23:32Z,88:c6:26:3f:3b:75,-87
2025-04-21T22:23:33Z,88:c6:26:3f:3b:75,-84
2025-04-21T22:23:34Z,88:c6:26:3f:3b:75,-84
2025-04-21T22:23:35Z,88:c6:26:3f:3b:75,-83
2025-04-21T22:23:37Z,88:c6:26:3f:3b:75,-86
2025-04-21T22:23:38Z,88:c6:26:3f:3b:75,-87
2025-04-21T22:23:39Z,88:c6:26:3f:3b:75,-86
2025-04-21T22:23:41Z,88:c6:26:3f:3b:75,-82
2025-04-21T22:23:42Z,88:c6:26:3f:3b:75,-84
2025-04-21T22:23:44Z,88:c6:26:3f:3b:75,-83
2025-04-21T22:23:46Z,88:c6:26:3f:3b:75,-89
2025-04-21T22:23:47Z,88:c6:26:3f:3b:75,-86
2025-04-21T22:23:48Z,88:c6:26:3f:3b:75,-84
2025-04-21T22:23:49Z,88:c6:26:3f:3b:75,-85
2025-04-21T22:23:50Z,88:c6:26:3f:3b:75,-85
2025-04-21T22:23:51Z,88:c6:26:3f:3b:75,-86
2025-04-21T22:23:53Z,88:c6:26:3f:3b:75,-87
2025-04-21T22:23:54Z,88:c6:26:3f:3b:75,-86
2025-04-21T22:23:55Z,88:c6:26:3f:3b:75,-86
2025-04-21T22:23:56Z,88:c6:26:3f:3b:75,-85
2025-04-21T22:23:57Z,88:c6:26:3f:3b:75,-84
2025-04-21T22:23:58Z,88:c6:26:3f:3b:75,-85
2025-04-21T22:23:59Z,88:c6:26:3f:3b:75,-84
2025-04-21T22:24:00Z,88:c6:26:3f:3b:75,-85
2025-04-21T22:24:01Z,88:c6:26:3f:3b:75,-86
2025-04-21T22:24:02Z,88:c6:26:3f:3b:75,-82
2025-04-21T22:24:05Z,88:c6:26:3f:3b:75,-85
2025-04-21T22:24:06Z,88:c6:26:3f:3b:75,-88
2025-04-21T22:24:07Z,88:c6:26:3f:3b:75,-85
2025-04-21T22:24:08Z,88:c6:26:3f:3b:75,-84
2025-04-21T22:24:09Z,88:c6:26:3f:3b:75,-85
2025-04-21T22:24:10Z,88:c6:26:3f:3b:75,-85
2025-04-21T22:24:12Z,88:c6:26:3f:3b:75,-87
2025-04-21T22:24:16Z,88:c6:26:3f:3b:75,-86
2025-04-21T22:24:17Z,88:c6:26:3f:3b:75,-82
2025-04-21T22:24:18Z,88:c6:26:3f:3b:75,-88
2025-04-21T22:24:19Z,88:c6:26:3f:3b:75,-87
2025-04-21T22:24:20Z,88:c6:26:3f:3b:75,-85
2025-04-21T22:24:21Z,88:c6:26:3f:3b:75,-85
2025-04-21T22:24:22Z,88:c6:26:3f:3b:75,-84
2025-04-21T22:24:23Z,88:c6:26:3f:3b:75,-83
2025-04-21T22:24:25Z,88:c6:26:3f:3b:75,-87
2025-04-21T22:24:26Z,88:c6:26:3f:3b:75,-85
2025-04-21T22:24:28Z,88:c6:26:3f:3b:75,-86
2025-04-21T22:24:31Z,88:c6:26:3f:3b:75,-85
2025-04-21T22:24:33Z,88:c6:26:3f:3b:75,-83
2025-04-21T22:24:34Z,88:c6:26:3f:3b:75,-86
2025-04-21T22:24:35Z,88:c6:26:3f:3b:75,-84
2025-04-21T22:24:36Z,88:c6:26:3f:3b:75,-87
2025-04-21T22:24:37Z,88:c6:26:3f:3b:75,-84
2025-04-21T22:24:39Z,88:c6:26:3f:3b:75,-86
2025-04-21T22:24:40Z,88:c6:26:3f:3b:75,-86
2025-04-21T22:24:43Z,88:c6:26:3f:3b:75,-87
2025-04-21T22:24:45Z,88:c6:26:3f:3b:75,-83
2025-04-21T22:24:46Z,88:c6:26:3f:3b:75,-85
2025-04-21T22:24:47Z,88:c6:26:3f:3b:75,-84
2025-04-21T22:24:48Z,88:c6:26:3f:3b:75,-86
2025-04-21T22:24:49Z,88:c6:26:3f:3b:75,-84
2025-04-21T22:24:50Z,88:c6:26:3f:3b:75,-84
2025-04-21T22:24:51Z,88:c6:26:3f:3b:75,-86
2025-04-21T22:24:52Z,88:c6:26:3f:3b:75,-86
2025-04-21T22:24:53Z,88:c6:26:3f:3b:75,-85
2025-04-21T22:24:54Z,88:c6:26:3f:3b:75,-86
2025-04-21T22:24:56Z,88:c6:26:3f:3b:75,-84
2025-04-21T22:24:57Z,88:c6:26:3f:3b:75,-83
2025-04-21T22:24:58Z,88:c6:26:3f:3b:75,-86
2025-04-21T22:24:59Z,88:c6:26:3f:3b:75,-86
2025-04-21T22:25:00Z,88:c6:26:3f:3b:75,-88
2025-04-21T22:25:01Z,88:c6:26:3f:3b:75,-84
2025-04-21T22:25:02Z,88:c6:26:3f:3b:75,-84
2025-04-21T22:25:03Z,88:c6:26:3f:3b:75,-85
2025-04-21T22:25:04Z,88:c6:26:3f:3b:75,-84
2025-04-21T22:25:05Z,88:c6:26:3f:3b:75,-83
2025-04-21T22:25:06Z,88:c6:26:3f:3b:75,-85
2025-04-21T22:25:08Z,88:c6:26:3f:3b:75,-88
2025-04-21T22:25:09Z,88:c6:26:3f:3b:75,-85
2025-04-21T22:25:10Z,88:c6:26:3f:3b:75,-84
2025-04-21T22:25:11Z,88:c6:26:3f:3b:75,-87
2025-04-21T22:25:12Z,88:c6:26:3f:3b:75,-83
2025-04-21T22:25:13Z,88:c6:26:3f:3b:75,-87
2025-04-21T22:25:16Z,88:c6:26:3f:3b:75,-86
2025-04-21T22:25:17Z,88:c6:26:3f:3b:75,-84
2025-04-21T22:25:18Z,88:c6:26:3f:3b:75,-87
2025-04-21T22:25:19Z,88:c6:26:3f:3b:75,-85
2025-04-21T22:25:21Z,88:c6:26:3f:3b:75,-87
2025-04-21T22:25:22Z,88:c6:26:3f:3b:75,-85
2025-04-21T22:25:23Z,88:c6:26:3f:3b:75,-85
2025-04-21T22:25:24Z,88:c6:26:3f:3b:75,-83
2025-04-21T22:25:25Z,88:c6:26:3f:3b:75,-85
2025-04-21T22:25:26Z,88:c6:26:3f:3b:75,-84
2025-04-21T22:25:27Z,88:c6:26:3f:3b:75,-86
2025-04-21T22:25:28Z,88:c6:26:3f:3b:75,-82
2025-04-21T22:25:31Z,88:c6:26:3f:3b:75,-86
2025-04-21T22:25:33Z,88:c6:26:3f:3b:75,-84
2025-04-21T22:25:34Z,88:c6:26:3f:3b:75,-84
2025-04-21T22:25:35Z,88:c6:26:3f:3b:75,-88
2025-04-21T22:25:36Z,88:c6:26:3f:3b:75,-87
2025-04-21T22:25:37Z,88:c6:26:3f:3b:75,-86
2025-04-21T22:25:39Z,88:c6:26:3f:3b:75,-88
2025-04-21T22:25:40Z,88:c6:26:3f:3b:75,-84
2025-04-21T22:25:41Z,88:c6:26:3f:3b:75,-83
2025-04-21T22:25:44Z,88:c6:26:3f:3b:75,-85
2025-04-21T22:25:45Z,88:c6:26:3f:3b:75,-85
2025-04-21T22:25:46Z,88:c6:26:3f:3b:75,-89
2025-04-21T22:25:47Z,88:c6:26:3f:3b:75,-83
2025-04-21T22:25:48Z,88:c6:26:3f:3b:75,-89
2025-04-21T22:25:49Z,88:c6:26:3f:3b:75,-84
2025-04-21T22:25:50Z,88:c6:26:3f:3b:75,-84
2025-04-21T22:25:51Z,88:c6:26:3f:3b:75,-88
2025-04-21T22:25:53Z,88:c6:26:3f:3b:75,-83
2025-04-21T22:25:54Z,88:c6:26:3f:3b:75,-85
2025-04-21T22:25:56Z,88:c6:26:3f:3b:75,-84
2025-04-21T22:25:57Z,88:c6:26:3f:3b:75,-85
2025-04-21T22:25:58Z,88:c6:26:3f:3b:75,-86
2025-04-21T22:25:59Z,88:c6:26:3f:3b:75,-83
2025-04-21T22:26:00Z,88:c6:26:3f:3b:75,-85
2025-04-21T22:26:01Z,88:c6:26:3f:3b:75,-83
2025-04-21T22:26:02Z,88:c6:26:3f:3b:75,-82
2025-04-21T22:26:03Z,88:c6:26:3f:3b:75,-85
2025-04-21T22:26:04Z,88:c6:26:3f:3b:75,-86
2025-04-21T22:26:05Z,88:c6:26:3f:3b:75,-85
2025-04-21T22:26:06Z,88:c6:26:3f:3b:75,-85
2025-04-21T22:26:08Z,88:c6:26:3f:3b:75,-86
2025-04-21T22:26:09Z,88:c6:26:3f:3b:75,-83
2025-04-21T22:26:10Z,88:c6:26:3f:3b:75,-84
2025-04-21T22:26:11Z,88:c6:26:3f:3b:75,-84
2025-04-21T22:26:13Z,88:c6:26:3f:3b:75,-84
2025-04-21T22:26:14Z,88:c6:26:3f:3b:75,-84
2025-04-21T22:26:15Z,88:c6:26:3f:3b:75,-83
2025-04-21T22:26:16Z,88:c6:26:3f:3b:75,-87
2025-04-21T22:26:19Z,88:c6:26:3f:3b:75,-85
2025-04-21T22:26:20Z,88:c6:26:3f:3b:75,-84
2025-04-21T22:26:21Z,88:c6:26:3f:3b:75,-84
2025-04-21T22:26:22Z,88:c6:26:3f:3b:75,-84
2025-04-21T22:26:23Z,88:c6:26:3f:3b:75,-85
2025-04-21T22:26:24Z,88:c6:26:3f:3b:75,-84
2025-04-21T22:26:25Z,88:c6:26:3f:3b:75,-85
2025-04-21T22:26:26Z,88:c6:26:3f:3b:75,-87
2025-04-21T22:26:27Z,88:c6:26:3f:3b:75,-85
2025-04-21T22:26:29Z,88:c6:26:3f:3b:75,-88
2025-04-21T22:26:30Z,88:c6:26:3f:3b:75,-85
2025-04-21T22:26:31Z,88:c6:26:3f:3b:75,-86
2025-04-21T22:26:32Z,88:c6:26:3f:3b:75,-88
2025-04-21T22:26:33Z,88:c6:26:3f:3b:75,-85
2025-04-21T22:26:34Z,88:c6:26:3f:3b:75,-86
2025-04-21T22:26:35Z,88:c6:26:3f:3b:75,-85
2025-04-21T22:26:36Z,88:c6:26:3f:3b:75,-83
2025-04-21T22:26:37Z,88:c6:26:3f:3b:75,-84
2025-04-21T22:26:38Z,88:c6:26:3f:3b:75,-87
2025-04-21T22:26:40Z,88:c6:26:3f:3b:75,-83
2025-04-21T22:26:41Z,88:c6:26:3f:3b:75,-85
2025-04-21T22:26:42Z,88:c6:26:3f:3b:75,-84
2025-04-21T22:26:43Z,88:c6:26:3f:3b:75,-84
2025-04-21T22:26:44Z,88:c6:26:3f:3b:75,-85
2025-04-21T22:26:45Z,88:c6:26:3f:3b:75,-85
2025-04-21T22:26:46Z,88:c6:26:3f:3b:75,-85
2025-04-21T22:26:47Z,88:c6:26:3f:3b:75,-84
2025-04-21T22:26:49Z,88:c6:26:3f:3b:75,-87
2025-04-21T22:26:50Z,88:c6:26:3f:3b:75,-87
2025-04-21T22:26:52Z,88:c6:26:3f:3b:75,-83
2025-04-21T22:26:53Z,88:c6:26:3f:3b:75,-84
2025-04-21T22:26:56Z,88:c6:26:3f:3b:75,-88
2025-04-21T22:26:57Z,88:c6:26:3f:3b:75,-85
2025-04-21T22:26:59Z,88:c6:26:3f:3b:75,-85
2025-04-21T22:27:00Z,88:c6:26:3f:3b:75,-86
2025-04-21T22:27:01Z,88:c6:26:3f:3b:75,-84
2025-04-21T22:27:03Z,88:c6:26:3f:3b:75,-88
2025-04-21T22:27:05Z,88:c6:26:3f:3b:75,-87
2025-04-21T22:27:06Z,88:c6:26:3f:3b:75,-87
2025-04-21T22:27:07Z,88:c6:26:3f:3b:75,-85
2025-04-21T22:27:09Z,88:c6:26:3f:3b:75,-89
2025-04-21T22:27:10Z,88:c6:26:3f:3b:75,-83
2025-04-21T22:27:11Z,88:c6:26:3f:3b:75,-86
2025-04-21T22:27:12Z,88:c6:26:3f:3b:75,-85
2025-04-21T22:27:13Z,88:c6:26:3f:3b:75,-86
2025-04-21T22:27:14Z,88:c6:26:3f:3b:75,-84
2025-04-21T22:27:15Z,88:c6:26:3f:3b:75,-90
2025-04-21T22:27:19Z,88:c6:26:3f:3b:75,-84
2025-04-21T22:27:20Z,88:c6:26:3f:3b:75,-86
2025-04-21T22:27:22Z,88:c6:26:3f:3b:75,-84
2025-04-21T22:27:23Z,88:c6:26:3f:3b:75,-84
2025-04-21T22:27:24Z,88:c6:26:3f:3b:75,-84
2025-04-21T22:27:25Z,88:c6:26:3f:3b:75,-86
2025-04-21T22:27:26Z,88:c6:26:3f:3b:75,-85
2025-04-21T22:27:28Z,88:c6:26:3f:3b:75,-85
2025-04-21T22:27:30Z,88:c6:26:3f:3b:75,-84
2025-04-21T22:27:31Z,88:c6:26:3f:3b:75,-86
2025-04-21T22:27:33Z,88:c6:26:3f:3b:75,-86
2025-04-21T22:27:35Z,88:c6:26:3f:3b:75,-84
2025-04-21T22:27:36Z,88:c6:26:3f:3b:75,-86
2025-04-21T22:27:37Z,88:c6:26:3f:3b:75,-86
2025-04-21T22:27:39Z,88:c6:26:3f:3b:75,-86
2025-04-21T22:27:40Z,88:c6:26:3f:3b:75,-85
2025-04-21T22:27:43Z,88:c6:26:3f:3b:75,-86
2025-04-21T22:27:44Z,88:c6:26:3f:3b:75,-87
2025-04-21T22:27:45Z,88:c6:26:3f:3b:75,-86
2025-04-21T22:27:46Z,88:c6:26:3f:3b:75,-86
2025-04-21T22:27:47Z,88:c6:26:3f:3b:75,-83
2025-04-21T22:27:48Z,88:c6:26:3f:3b:75,-84
2025-04-21T22:27:51Z,88:c6:26:3f:3b:75,-87
2025-04-21T22:27:53Z,88:c6:26:3f:3b:75,-83
2025-04-21T22:27:54Z,88:c6:26:3f:3b:75,-84
2025-04-21T22:27:55Z,88:c6:26:3f:3b:75,-86
2025-04-21T22:27:57Z,88:c6:26:3f:3b:75,-88
2025-04-21T22:27:58Z,88:c6:26:3f:3b:75,-85
2025-04-21T22:27:59Z,88:c6:26:3f:3b:75,-86
2025-04-21T22:28:00Z,88:c6:26:3f:3b:75,-88
2025-04-21T22:28:02Z,88:c6:26:3f:3b:75,-87
2025-04-21T22:28:04Z,88:c6:26:3f:3b:75,-88
2025-04-21T22:28:05Z,88:c6:26:3f:3b:75,-88
2025-04-21T22:28:07Z,88:c6:26:3f:3b:75,-86
2025-04-21T22:28:08Z,88:c6:26:3f:3b:75,-85
2025-04-21T22:28:10Z,88:c6:26:3f:3b:75,-84
2025-04-21T22:28:12Z,88:c6:26:3f:3b:75,-86
2025-04-21T22:28:13Z,88:c6:26:3f:3b:75,-83
2025-04-21T22:28:15Z,88:c6:26:3f:3b:75,-84
2025-04-21T22:28:16Z,88:c6:26:3f:3b:75,-86
2025-04-21T22:28:17Z,88:c6:26:3f:3b:75,-82
2025-04-21T22:28:18Z,88:c6:26:3f:3b:75,-84
2025-04-21T22:28:19Z,88:c6:26:3f:3b:75,-85
2025-04-21T22:28:20Z,88:c6:26:3f:3b:75,-84
2025-04-21T22:28:21Z,88:c6:26:3f:3b:75,-86
2025-04-21T22:28:22Z,88:c6:26:3f:3b:75,-84
2025-04-21T22:28:23Z,88:c6:26:3f:3b:75,-84
2025-04-21T22:28:25Z,88:c6:26:3f:3b:75,-86
2025-04-21T22:28:26Z,88:c6:26:3f:3b:75,-86
2025-04-21T22:28:27Z,88:c6:26:3f:3b:75,-90
2025-04-21T22:28:29Z,88:c6:26:3f:3b:75,-87
2025-04-21T22:28:31Z,88:c6:26:3f:3b:75,-84
2025-04-21T22:28:32Z,88:c6:26:3f:3b:75,-84
2025-04-21T22:28:33Z,88:c6:26:3f:3b:75,-84
2025-04-21T22:28:34Z,88:c6:26:3f:3b:75,-85
2025-04-21T22:28:35Z,88:c6:26:3f:3b:75,-87
2025-04-21T22:28:36Z,88:c6:26:3f:3b:75,-85
2025-04-21T22:28:38Z,88:c6:26:3f:3b:75,-87
2025-04-21T22:28:40Z,88:c6:26:3f:3b:75,-85
2025-04-21T22:28:43Z,88:c6:26:3f:3b:75,-84
2025-04-21T22:28:44Z,88:c6:26:3f:3b:75,-86
2025-04-21T22:28:45Z,88:c6:26:3f:3b:75,-85
2025-04-21T22:28:46Z,88:c6:26:3f:3b:75,-87
2025-04-21T22:28:47Z,88:c6:26:3f:3b:75,-83
2025-04-21T22:28:48Z,88:c6:26:3f:3b:75,-84
2025-04-21T22:28:49Z,88:c6:26:3f:3b:75,-88
2025-04-21T22:28:50Z,88:c6:26:3f:3b:75,-82
2025-04-21T22:28:51Z,88:c6:26:3f:3b:75,-85
2025-04-21T22:28:54Z,88:c6:26:3f:3b:75,-85
2025-04-21T22:28:55Z,88:c6:26:3f:3b:75,-85
2025-04-21T22:28:57Z,88:c6:26:3f:3b:75,-88
2025-04-21T22:28:58Z,88:c6:26:3f:3b:75,-84
2025-04-21T22:28:59Z,88:c6:26:3f:3b:75,-88
2025-04-21T22:29:01Z,88:c6:26:3f:3b:75,-86
2025-04-21T22:29:02Z,88:c6:26:3f:3b:75,-87
2025-04-21T22:29:03Z,88:c6:26:3f:3b:75,-86
2025-04-21T22:29:05Z,88:c6:26:3f:3b:75,-84
2025-04-21T22:29:06Z,88:c6:26:3f:3b:75,-83
2025-04-21T22:29:07Z,88:c6:26:3f:3b:75,-85
2025-04-21T22:29:08Z,88:c6:26:3f:3b:75,-87
2025-04-21T22:29:09Z,88:c6:26:3f:3b:75,-88
2025-04-21T22:29:10Z,88:c6:26:3f:3b:75,-85
2025-04-21T22:29:11Z,88:c6:26:3f:3b:75,-85
2025-04-21T22:29:13Z,88:c6:26:3f:3b:75,-85
2025-04-21T22:29:14Z,88:c6:26:3f:3b:75,-86
2025-04-21T22:29:15Z,88:c6:26:3f:3b:75,-84
2025-04-21T22:29:17Z,88:c6:26:3f:3b:75,-85
2025-04-21T22:29:18Z,88:c6:26:3f:3b:75,-88
2025-04-21T22:29:19Z,88:c6:26:3f:3b:75,-87
2025-04-21T22:29:21Z,88:c6:26:3f:3b:75,-86
2025-04-21T22:29:22Z,88:c6:26:3f:3b:75,-85
2025-04-21T22:29:23Z,88:c6:26:3f:3b:75,-88
2025-04-21T22:29:24Z,88:c6:26:3f:3b:75,-87
2025-04-21T22:29:25Z,88:c6:26:3f:3b:75,-86
2025-04-21T22:29:26Z,88:c6:26:3f:3b:75,-89
2025-04-21T22:29:27Z,88:c6:26:3f:3b:75,-83
2025-04-21T22:29:29Z,88:c6:26:3f:3b:75,-83
2025-04-21T22:29:31Z,88:c6:26:3f:3b:75,-84
2025-04-21T22:29:32Z,88:c6:26:3f:3b:75,-87
2025-04-21T22:29:33Z,88:c6:26:3f:3b:75,-88
2025-04-21T22:29:35Z,88:c6:26:3f:3b:75,-86
2025-04-21T22:29:38Z,88:c6:26:3f:3b:75,-85
2025-04-21T22:29:41Z,88:c6:26:3f:3b:75,-87
2025-04-21T22:29:42Z,88:c6:26:3f:3b:75,-86
2025-04-21T22:29:43Z,88:c6:26:3f:3b:75,-84
2025-04-21T22:29:44Z,88:c6:26:3f:3b:75,-87
2025-04-21T22:29:45Z,88:c6:26:3f:3b:75,-87
2025-04-21T22:29:46Z,88:c6:26:3f:3b:75,-87
2025-04-21T22:29:47Z,88:c6:26:3f:3b:75,-83
2025-04-21T22:29:48Z,88:c6:26:3f:3b:75,-91
2025-04-21T22:29:53Z,88:c6:26:3f:3b:75,-87
2025-04-21T22:29:54Z,88:c6:26:3f:3b:75,-84
2025-04-21T22:29:55Z,88:c6:26:3f:3b:75,-88
2025-04-21T22:29:57Z,88:c6:26:3f:3b:75,-85
2025-04-21T22:29:58Z,88:c6:26:3f:3b:75,-84
2025-04-21T22:29:59Z,88:c6:26:3f:3b:75,-85
2025-04-21T22:30:01Z,88:c6:26:3f:3b:75,-87
2025-04-21T22:30:03Z,88:c6:26:3f:3b:75,-85
2025-04-21T22:30:04Z,88:c6:26:3f:3b:75,-84
2025-04-21T22:30:06Z,88:c6:26:3f:3b:75,-84
2025-04-21T22:30:07Z,88:c6:26:3f:3b:75,-86
2025-04-21T22:30:08Z,88:c6:26:3f:3b:75,-86
2025-04-21T22:30:09Z,88:c6:26:3f:3b:75,-87
2025-04-21T22:30:10Z,88:c6:26:3f:3b:75,-86
2025-04-21T22:30:11Z,88:c6:26:3f:3b:75,-84
2025-04-21T22:30:12Z,88:c6:26:3f:3b:75,-84
2025-04-21T22:30:13Z,88:c6:26:3f:3b:75,-85
2025-04-21T22:30:16Z,88:c6:26:3f:3b:75,-85
2025-04-21T22:30:17Z,88:c6:26:3f:3b:75,-84
2025-04-21T22:30:19Z,88:c6:26:3f:3b:75,-87
2025-04-21T22:30:20Z,88:c6:26:3f:3b:75,-87
2025-04-21T22:30:21Z,88:c6:26:3f:3b:75,-84
2025-04-21T22:30:23Z,88:c6:26:3f:3b:75,-84
2025-04-21T22:30:24Z,88:c6:26:3f:3b:75,-87
2025-04-21T22:30:25Z,88:c6:26:3f:3b:75,-86
2025-04-21T22:30:26Z,88:c6:26:3f:3b:75,-84
2025-04-21T22:30:27Z,88:c6:26:3f:3b:75,-83
2025-04-21T22:30:30Z,88:c6:26:3f:3b:75,-87
2025-04-21T22:30:31Z,88:c6:26:3f:3b:75,-83
2025-04-21T22:30:32Z,88:c6:26:3f:3b:75,-85
2025-04-21T22:30:33Z,88:c6:26:3f:3b:75,-85
2025-04-21T22:30:34Z,88:c6:26:3f:3b:75,-84
2025-04-21T22:30:35Z,88:c6:26:3f:3b:75,-84
2025-04-21T22:30:36Z,88:c6:26:3f:3b:75,-86
2025-04-21T22:30:37Z,88:c6:26:3f:3b:75,-84
2025-04-21T22:30:38Z,88:c6:26:3f:3b:75,-85
2025-04-21T22:30:41Z,88:c6:26:3f:3b:75,-83
2025-04-21T22:30:42Z,88:c6:26:3f:3b:75,-84
2025-04-21T22:30:43Z,88:c6:26:3f:3b:75,-85
2025-04-21T22:30:44Z,88:c6:26:3f:3b:75,-86
2025-04-21T22:30:45Z,88:c6:26:3f:3b:75,-83
2025-04-21T22:30:48Z,88:c6:26:3f:3b:75,-84
2025-04-21T22:30:49Z,88:c6:26:3f:3b:75,-85
2025-04-21T22:30:51Z,88:c6:26:3f:3b:75,-85
2025-04-21T22:30:53Z,88:c6:26:3f:3b:75,-88
2025-04-21T22:30:54Z,88:c6:26:3f:3b:75,-88
2025-04-21T22:30:56Z,88:c6:26:3f:3b:75,-89
2025-04-21T22:30:57Z,88:c6:26:3f:3b:75,-84
2025-04-21T22:30:58Z,88:c6:26:3f:3b:75,-83
2025-04-21T22:30:59Z,88:c6:26:3f:3b:75,-84
2025-04-21T22:31:00Z,88:c6:26:3f:3b:75,-86
2025-04-21T22:31:04Z,88:c6:26:3f:3b:75,-84
2025-04-21T22:31:05Z,88:c6:26:3f:3b:75,-84
2025-04-21T22:31:06Z,88:c6:26:3f:3b:75,-84
2025-04-21T22:31:07Z,88:c6:26:3f:3b:75,-85
2025-04-21T22:31:09Z,88:c6:26:3f:3b:75,-84
2025-04-21T22:31:10Z,88:c6:26:3f:3b:75,-86
2025-04-21T22:31:11Z,88:c6:26:3f:3b:75,-82
2025-04-21T22:31:12Z,88:c6:26:3f:3b:75,-85
2025-04-21T22:31:14Z,88:c6:26:3f:3b:75,-84
2025-04-21T22:31:15Z,88:c6:26:3f:3b:75,-85
2025-04-21T22:31:16Z,88:c6:26:3f:3b:75,-84
2025-04-21T22:31:17Z,88:c6:26:3f:3b:75,-84
2025-04-21T22:31:18Z,88:c6:26:3f:3b:75,-85
2025-04-21T22:31:19Z,88:c6:26:3f:3b:75,-86
2025-04-21T22:31:20Z,88:c6:26:3f:3b:75,-86
2025-04-21T22:31:22Z,88:c6:26:3f:3b:75,-83
2025-04-21T22:31:23Z,88:c6:26:3f:3b:75,-86
2025-04-21T22:31:26Z,88:c6:26:3f:3b:75,-86
2025-04-21T22:31:27Z,88:c6:26:3f:3b:75,-87
2025-04-21T22:31:28Z,88:c6:26:3f:3b:75,-83
2025-04-21T22:31:30Z,88:c6:26:3f:3b:75,-86
2025-04-21T22:31:32Z,88:c6:26:3f:3b:75,-86
2025-04-21T22:31:36Z,88:c6:26:3f:3b:75,-84
2025-04-21T22:31:37Z,88:c6:26:3f:3b:75,-85
2025-04-21T22:31:38Z,88:c6:26:3f:3b:75,-86
2025-04-21T22:31:39Z,88:c6:26:3f:3b:75,-84
2025-04-21T22:31:40Z,88:c6:26:3f:3b:75,-84
2025-04-21T22:31:41Z,88:c6:26:3f:3b:75,-84
2025-04-21T22:31:43Z,88:c6:26:3f:3b:75,-84
2025-04-21T22:31:47Z,88:c6:26:3f:3b:75,-86
2025-04-21T22:31:48Z,88:c6:26:3f:3b:75,-86
2025-04-21T22:31:49Z,88:c6:26:3f:3b:75,-86
2025-04-21T22:31:50Z,88:c6:26:3f:3b:75,-85
2025-04-21T22:31:51Z,88:c6:26:3f:3b:75,-89
2025-04-21T22:31:52Z,88:c6:26:3f:3b:75,-85
2025-04-21T22:31:53Z,88:c6:26:3f:3b:75,-86
2025-04-21T22:31:54Z,88:c6:26:3f:3b:75,-86
2025-04-21T22:31:55Z,88:c6:26:3f:3b:75,-84
2025-04-21T22:31:57Z,88:c6:26:3f:3b:75,-84
2025-04-21T22:31:58Z,88:c6:26:3f:3b:75,-88
2025-04-21T22:31:59Z,88:c6:26:3f:3b:75,-84
2025-04-21T22:32:00Z,88:c6:26:3f:3b:75,-90
2025-04-21T22:32:01Z,88:c6:26:3f:3b:75,-86
2025-04-21T22:32:02Z,88:c6:26:3f:3b:75,-85
2025-04-21T22:32:03Z,88:c6:26:3f:3b:75,-88
2025-04-21T22:32:04Z,88:c6:26:3f:3b:75,-89
2025-04-21T22:32:05Z,88:c6:26:3f:3b:75,-85
2025-04-21T22:32:06Z,88:c6:26:3f:3b:75,-87
2025-04-21T22:32:08Z,88:c6:26:3f:3b:75,-86
2025-04-21T22:32:09Z,88:c6:26:3f:3b:75,-83
2025-04-21T22:32:11Z,88:c6:26:3f:3b:75,-86
2025-04-21T22:32:12Z,88:c6:26:3f:3b:75,-84
2025-04-21T22:32:13Z,88:c6:26:3f:3b:75,-86
2025-04-21T22:32:14Z,88:c6:26:3f:3b:75,-84
2025-04-21T22:32:15Z,88:c6:26:3f:3b:75,-86
2025-04-21T22:32:16Z,88:c6:26:3f:3b:75,-87
2025-04-21T22:32:17Z,88:c6:26:3f:3b:75,-84
2025-04-21T22:32:20Z,88:c6:26:3f:3b:75,-89
2025-04-21T22:32:21Z,88:c6:26:3f:3b:75,-83
2025-04-21T22:32:22Z,88:c6:26:3f:3b:75,-84
2025-04-21T22:32:23Z,88:c6:26:3f:3b:75,-84
2025-04-21T22:32:24Z,88:c6:26:3f:3b:75,-86
2025-04-21T22:32:25Z,88:c6:26:3f:3b:75,-84
2025-04-21T22:32:26Z,88:c6:26:3f:3b:75,-84
2025-04-21T22:32:27Z,88:c6:26:3f:3b:75,-83
2025-04-21T22:32:29Z,88:c6:26:3f:3b:75,-84
2025-04-21T22:32:30Z,88:c6:26:3f:3b:75,-88
2025-04-21T22:32:31Z,88:c6:26:3f:3b:75,-85
2025-04-21T22:32:32Z,88:c6:26:3f:3b:75,-87
2025-04-21T22:32:33Z,88:c6:26:3f:3b:75,-87
2025-04-21T22:32:35Z,88:c6:26:3f:3b:75,-85
2025-04-21T22:32:37Z,88:c6:26:3f:3b:75,-82
2025-04-21T22:32:39Z,88:c6:26:3f:3b:75,-85
2025-04-21T22:32:40Z,88:c6:26:3f:3b:75,-85
2025-04-21T22:32:41Z,88:c6:26:3f:3b:75,-86
2025-04-21T22:32:42Z,88:c6:26:3f:3b:75,-86
2025-04-21T22:32:43Z,88:c6:26:3f:3b:75,-85
2025-04-21T22:32:44Z,88:c6:26:3f:3b:75,-84
2025-04-21T22:32:45Z,88:c6:26:3f:3b:75,-86
2025-04-21T22:32:48Z,88:c6:26:3f:3b:75,-85
2025-04-21T22:32:49Z,88:c6:26:3f:3b:75,-84
2025-04-21T22:32:51Z,88:c6:26:3f:3b:75,-85
2025-04-21T22:32:52Z,88:c6:26:3f:3b:75,-85
2025-04-21T22:32:53Z,88:c6:26:3f:3b:75,-87
2025-04-21T22:32:54Z,88:c6:26:3f:3b:75,-87
2025-04-21T22:32:55Z,88:c6:26:3f:3b:75,-87
2025-04-21T22:32:56Z,88:c6:26:3f:3b:75,-86
2025-04-21T22:32:57Z,88:c6:26:3f:3b:75,-86
2025-04-21T22:32:58Z,88:c6:26:3f:3b:75,-83
2025-04-21T22:32:59Z,88:c6:26:3f:3b:75,-86
2025-04-21T22:33:02Z,88:c6:26:3f:3b:75,-85
2025-04-21T22:33:04Z,88:c6:26:3f:3b:75,-86
2025-04-21T22:33:05Z,88:c6:26:3f:3b:75,-87
2025-04-21T22:33:06Z,88:c6:26:3f:3b:75,-85
2025-04-21T22:33:07Z,88:c6:26:3f:3b:75,-84
2025-04-21T22:33:08Z,88:c6:26:3f:3b:75,-85
2025-04-21T22:33:09Z,88:c6:26:3f:3b:75,-85
2025-04-21T22:33:11Z,88:c6:26:3f:3b:75,-83
2025-04-21T22:33:14Z,88:c6:26:3f:3b:75,-86
2025-04-21T22:33:15Z,88:c6:26:3f:3b:75,-85
2025-04-21T22:33:16Z,88:c6:26:3f:3b:75,-84
2025-04-21T22:33:17Z,88:c6:26:3f:3b:75,-86
2025-04-21T22:33:18Z,88:c6:26:3f:3b:75,-85
2025-04-21T22:33:20Z,88:c6:26:3f:3b:75,-85
2025-04-21T22:33:21Z,88:c6:26:3f:3b:75,-84
2025-04-21T22:33:22Z,88:c6:26:3f:3b:75,-86
2025-04-21T22:33:24Z,88:c6:26:3f:3b:75,-86
2025-04-21T22:33:25Z,88:c6:26:3f:3b:75,-84
2025-04-21T22:33:26Z,88:c6:26:3f:3b:75,-86
2025-04-21T22:33:27Z,88:c6:26:3f:3b:75,-86
2025-04-21T22:33:28Z,88:c6:26:3f:3b:75,-87
2025-04-21T22:33:29Z,88:c6:26:3f:3b:75,-83
2025-04-21T22:33:30Z,88:c6:26:3f:3b:75,-85
2025-04-21T22:33:31Z,88:c6:26:3f:3b:75,-87
2025-04-21T22:33:33Z,88:c6:26:3f:3b:75,-85
2025-04-21T22:33:34Z,88:c6:26:3f:3b:75,-86
2025-04-21T22:33:36Z,88:c6:26:3f:3b:75,-84
2025-04-21T22:33:37Z,88:c6:26:3f:3b:75,-84
2025-04-21T22:33:38Z,88:c6:26:3f:3b:75,-86
2025-04-21T22:33:39Z,88:c6:26:3f:3b:75,-86
2025-04-21T22:33:40Z,88:c6:26:3f:3b:75,-86
2025-04-21T22:33:41Z,88:c6:26:3f:3b:75,-83
2025-04-21T22:33:42Z,88:c6:26:3f:3b:75,-86
2025-04-21T22:33:43Z,88:c6:26:3f:3b:75,-85
2025-04-21T22:33:45Z,88:c6:26:3f:3b:75,-82
2025-04-21T22:33:47Z,88:c6:26:3f:3b:75,-85
2025-04-21T22:33:48Z,88:c6:26:3f:3b:75,-86
2025-04-21T22:33:49Z,88:c6:26:3f:3b:75,-84
2025-04-21T22:33:50Z,88:c6:26:3f:3b:75,-87
2025-04-21T22:33:51Z,88:c6:26:3f:3b:75,-88
2025-04-21T22:33:52Z,88:c6:26:3f:3b:75,-87
2025-04-21T22:33:53Z,88:c6:26:3f:3b:75,-83
2025-04-21T22:33:54Z,88:c6:26:3f:3b:75,-84
2025-04-21T22:33:56Z,88:c6:26:3f:3b:75,-86
2025-04-21T22:33:57Z,88:c6:26:3f:3b:75,-85
2025-04-21T22:33:58Z,88:c6:26:3f:3b:75,-85
2025-04-21T22:33:59Z,88:c6:26:3f:3b:75,-84
2025-04-21T22:34:00Z,88:c6:26:3f:3b:75,-87
2025-04-21T22:34:01Z,88:c6:26:3f:3b:75,-86
2025-04-21T22:34:02Z,88:c6:26:3f:3b:75,-87
2025-04-21T22:34:04Z,88:c6:26:3f:3b:75,-86
2025-04-21T22:34:05Z,88:c6:26:3f:3b:75,-86
2025-04-21T22:34:07Z,88:c6:26:3f:3b:75,-83
2025-04-21T22:34:08Z,88:c6:26:3f:3b:75,-86
2025-04-21T22:34:09Z,88:c6:26:3f:3b:75,-87
2025-04-21T22:34:11Z,88:c6:26:3f:3b:75,-84
2025-04-21T22:34:13Z,88:c6:26:3f:3b:75,-84
2025-04-21T22:34:14Z,88:c6:26:3f:3b:75,-87
2025-04-21T22:34:15Z,88:c6:26:3f:3b:75,-86
2025-04-21T22:34:17Z,88:c6:26:3f:3b:75,-86
2025-04-21T22:34:18Z,88:c6:26:3f:3b:75,-84
2025-04-21T22:34:19Z,88:c6:26:3f:3b:75,-85
2025-04-21T22:34:20Z,88:c6:26:3f:3b:75,-85
2025-04-21T22:34:21Z,88:c6:26:3f:3b:75,-86
2025-04-21T22:34:22Z,88:c6:26:3f:3b:75,-87
2025-04-21T22:34:23Z,88:c6:26:3f:3b:75,-84
2025-04-21T22:34:25Z,88:c6:26:3f:3b:75,-85
2025-04-21T22:34:28Z,88:c6:26:3f:3b:75,-87
2025-04-21T22:34:29Z,88:c6:26:3f:3b:75,-86
2025-04-21T22:34:30Z,88:c6:26:3f:3b:75,-87
2025-04-21T22:34:31Z,88:c6:26:3f:3b:75,-86
2025-04-21T22:34:32Z,88:c6:26:3f:3b:75,-85
2025-04-21T22:34:33Z,88:c6:26:3f:3b:75,-83
2025-04-21T22:34:34Z,88:c6:26:3f:3b:75,-85
2025-04-21T22:34:35Z,88:c6:26:3f:3b:75,-84
2025-04-21T22:34:36Z,88:c6:26:3f:3b:75,-89
2025-04-21T22:34:37Z,88:c6:26:3f:3b:75,-83
2025-04-21T22:34:38Z,88:c6:26:3f:3b:75,-84
2025-04-21T22:34:40Z,88:c6:26:3f:3b:75,-87
2025-04-21T22:34:41Z,88:c6:26:3f:3b:75,-83
2025-04-21T22:34:42Z,88:c6:26:3f:3b:75,-89
2025-04-21T22:34:44Z,88:c6:26:3f:3b:75,-84
2025-04-21T22:34:45Z,88:c6:26:3f:3b:75,-83
2025-04-21T22:34:46Z,88:c6:26:3f:3b:75,-85
2025-04-21T22:34:47Z,88:c6:26:3f:3b:75,-84
2025-04-21T22:34:49Z,88:c6:26:3f:3b:75,-86
2025-04-21T22:34:50Z,88:c6:26:3f:3b:75,-85
2025-04-21T22:34:51Z,88:c6:26:3f:3b:75,-86
2025-04-21T22:34:52Z,88:c6:26:3f:3b:75,-84
2025-04-21T22:34:53Z,88:c6:26:3f:3b:75,-85
2025-04-21T22:34:54Z,88:c6:26:3f:3b:75,-84
2025-04-21T22:34:55Z,88:c6:26:3f:3b:75,-86
2025-04-21T22:34:56Z,88:c6:26:3f:3b:75,-83
2025-04-21T22:34:57Z,88:c6:26:3f:3b:75,-85
2025-04-21T22:34:58Z,88:c6:26:3f:3b:75,-86
2025-04-21T22:35:00Z,88:c6:26:3f:3b:75,-87
2025-04-21T22:35:01Z,88:c6:26:3f:3b:75,-86
2025-04-21T22:35:02Z,88:c6:26:3f:3b:75,-84
2025-04-21T22:35:03Z,88:c6:26:3f:3b:75,-85
2025-04-21T22:35:04Z,88:c6:26:3f:3b:75,-85
2025-04-21T22:35:06Z,88:c6:26:3f:3b:75,-85
2025-04-21T22:35:07Z,88:c6:26:3f:3b:75,-87
2025-04-21T22:35:08Z,88:c6:26:3f:3b:75,-85
2025-04-21T22:35:10Z,88:c6:26:3f:3b:75,-86
2025-04-21T22:35:11Z,88:c6:26:3f:3b:75,-84
2025-04-21T22:35:12Z,88:c6:26:3f:3b:75,-86
2025-04-21T22:35:13Z,88:c6:26:3f:3b:75,-84
2025-04-21T22:35:14Z,88:c6:26:3f:3b:75,-83
2025-04-21T22:35:15Z,88:c6:26:3f:3b:75,-87
2025-04-21T22:35:16Z,88:c6:26:3f:3b:75,-86
2025-04-21T22:35:18Z,88:c6:26:3f:3b:75,-87
2025-04-21T22:35:19Z,88:c6:26:3f:3b:75,-85
2025-04-21T22:35:20Z,88:c6:26:3f:3b:75,-83
2025-04-21T22:35:22Z,88:c6:26:3f:3b:75,-86
2025-04-21T22:35:23Z,88:c6:26:3f:3b:75,-88
2025-04-21T22:35:24Z,88:c6:26:3f:3b:75,-86
2025-04-21T22:35:26Z,88:c6:26:3f:3b:75,-87
2025-04-21T22:35:27Z,88:c6:26:3f:3b:75,-84
2025-04-21T22:35:29Z,88:c6:26:3f:3b:75,-83
2025-04-21T22:35:32Z,88:c6:26:3f:3b:75,-85
2025-04-21T22:35:33Z,88:c6:26:3f:3b:75,-85
2025-04-21T22:35:35Z,88:c6:26:3f:3b:75,-86
2025-04-21T22:35:36Z,88:c6:26:3f:3b:75,-86
2025-04-21T22:35:37Z,88:c6:26:3f:3b:75,-84
2025-04-21T22:35:38Z,88:c6:26:3f:3b:75,-82
2025-04-21T22:35:39Z,88:c6:26:3f:3b:75,-86
2025-04-21T22:35:40Z,88:c6:26:3f:3b:75,-85
2025-04-21T22:35:43Z,88:c6:26:3f:3b:75,-87
2025-04-21T22:35:44Z,88:c6:26:3f:3b:75,-84
2025-04-21T22:35:46Z,88:c6:26:3f:3b:75,-87
2025-04-21T22:35:47Z,88:c6:26:3f:3b:75,-85
2025-04-21T22:35:48Z,88:c6:26:3f:3b:75,-86
2025-04-21T22:35:49Z,88:c6:26:3f:3b:75,-86
2025-04-21T22:35:51Z,88:c6:26:3f:3b:75,-85
2025-04-21T22:35:53Z,88:c6:26:3f:3b:75,-86
2025-04-21T22:35:56Z,88:c6:26:3f:3b:75,-86
2025-04-21T22:35:57Z,88:c6:26:3f:3b:75,-85
2025-04-21T22:35:58Z,88:c6:26:3f:3b:75,-86
2025-04-21T22:35:59Z,88:c6:26:3f:3b:75,-87
2025-04-21T22:36:00Z,88:c6:26:3f:3b:75,-83
2025-04-21T22:36:01Z,88:c6:26:3f:3b:75,-85
2025-04-21T22:36:03Z,88:c6:26:3f:3b:75,-84
2025-04-21T22:36:04Z,88:c6:26:3f:3b:75,-85
2025-04-21T22:36:06Z,88:c6:26:3f:3b:75,-86
2025-04-21T22:36:08Z,88:c6:26:3f:3b:75,-92
2025-04-21T22:36:09Z,88:c6:26:3f:3b:75,-87
2025-04-21T22:36:11Z,88:c6:26:3f:3b:75,-86
2025-04-21T22:36:12Z,88:c6:26:3f:3b:75,-83
2025-04-21T22:36:13Z,88:c6:26:3f:3b:75,-84
2025-04-21T22:36:14Z,88:c6:26:3f:3b:75,-84
2025-04-21T22:36:15Z,88:c6:26:3f:3b:75,-85
2025-04-21T22:36:16Z,88:c6:26:3f:3b:75,-86
2025-04-21T22:36:18Z,88:c6:26:3f:3b:75,-84
2025-04-21T22:36:19Z,88:c6:26:3f:3b:75,-86
2025-04-21T22:36:20Z,88:c6:26:3f:3b:75,-83
2025-04-21T22:36:21Z,88:c6:26:3f:3b:75,-87
2025-04-21T22:36:22Z,88:c6:26:3f:3b:75,-86
2025-04-21T22:36:23Z,88:c6:26:3f:3b:75,-84
2025-04-21T22:36:24Z,88:c6:26:3f:3b:75,-84
2025-04-21T22:36:25Z,88:c6:26:3f:3b:75,-83
2025-04-21T22:36:27Z,88:c6:26:3f:3b:75,-85
2025-04-21T22:36:28Z,88:c6:26:3f:3b:75,-86
2025-04-21T22:36:29Z,88:c6:26:3f:3b:75,-86
2025-04-21T22:36:30Z,88:c6:26:3f:3b:75,-84
2025-04-21T22:36:32Z,88:c6:26:3f:3b:75,-84
2025-04-21T22:36:33Z,88:c6:26:3f:3b:75,-85
2025-04-21T22:36:34Z,88:c6:26:3f:3b:75,-84
2025-04-21T22:36:37Z,88:c6:26:3f:3b:75,-84
2025-04-21T22:36:39Z,88:c6:26:3f:3b:75,-87
2025-04-21T22:36:40Z,88:c6:26:3f:3b:75,-83
2025-04-21T22:36:41Z,88:c6:26:3f:3b:75,-82
2025-04-21T22:36:42Z,88:c6:26:3f:3b:75,-84
2025-04-21T22:36:43Z,88:c6:26:3f:3b:75,-86
2025-04-21T22:36:44Z,88:c6:26:3f:3b:75,-86
2025-04-21T22:36:45Z,88:c6:26:3f:3b:75,-85
2025-04-21T22:36:46Z,88:c6:26:3f:3b:75,-88
2025-04-21T22:36:47Z,88:c6:26:3f:3b:75,-83
2025-04-21T22:36:48Z,88:c6:26:3f:3b:75,-87
2025-04-21T22:36:49Z,88:c6:26:3f:3b:75,-87
2025-04-21T22:36:51Z,88:c6:26:3f:3b:75,-89
2025-04-21T22:36:53Z,88:c6:26:3f:3b:75,-87
2025-04-21T22:36:54Z,88:c6:26:3f:3b:75,-84
2025-04-21T22:36:55Z,88:c6:26:3f:3b:75,-88
2025-04-21T22:36:56Z,88:c6:26:3f:3b:75,-84
2025-04-21T22:36:57Z,88:c6:26:3f:3b:75,-86
2025-04-21T22:36:58Z,88:c6:26:3f:3b:75,-90
2025-04-21T22:36:59Z,88:c6:26:3f:3b:75,-84
2025-04-21T22:37:01Z,88:c6:26:3f:3b:75,-86
2025-04-21T22:37:02Z,88:c6:26:3f:3b:75,-83
2025-04-21T22:37:03Z,88:c6:26:3f:3b:75,-84
2025-04-21T22:37:04Z,88:c6:26:3f:3b:75,-87
2025-04-21T22:37:05Z,88:c6:26:3f:3b:75,-85
2025-04-21T22:37:07Z,88:c6:26:3f:3b:75,-86
2025-04-21T22:37:08Z,88:c6:26:3f:3b:75,-85
2025-04-21T22:37:09Z,88:c6:26:3f:3b:75,-84
2025-04-21T22:37:11Z,88:c6:26:3f:3b:75,-85
2025-04-21T22:37:12Z,88:c6:26:3f:3b:75,-88
2025-04-21T22:37:13Z,88:c6:26:3f:3b:75,-84
2025-04-21T22:37:14Z,88:c6:26:3f:3b:75,-83
2025-04-21T22:37:15Z,88:c6:26:3f:3b:75,-85
2025-04-21T22:37:16Z,88:c6:26:3f:3b:75,-85
2025-04-21T22:37:17Z,88:c6:26:3f:3b:75,-84
2025-04-21T22:37:18Z,88:c6:26:3f:3b:75,-83
2025-04-21T22:37:19Z,88:c6:26:3f:3b:75,-85
2025-04-21T22:37:20Z,88:c6:26:3f:3b:75,-84
2025-04-21T22:37:22Z,88:c6:26:3f:3b:75,-85
2025-04-21T22:37:23Z,88:c6:26:3f:3b:75,-87
2025-04-21T22:37:24Z,88:c6:26:3f:3b:75,-85
2025-04-21T22:37:25Z,88:c6:26:3f:3b:75,-90
2025-04-21T22:37:26Z,88:c6:26:3f:3b:75,-87
2025-04-21T22:37:27Z,88:c6:26:3f:3b:75,-87
2025-04-21T22:37:28Z,88:c6:26:3f:3b:75,-85
2025-04-21T22:37:29Z,88:c6:26:3f:3b:75,-87
2025-04-21T22:37:30Z,88:c6:26:3f:3b:75,-86
2025-04-21T22:37:32Z,88:c6:26:3f:3b:75,-88
2025-04-21T22:37:34Z,88:c6:26:3f:3b:75,-83
2025-04-21T22:37:35Z,88:c6:26:3f:3b:75,-85
2025-04-21T22:37:36Z,88:c6:26:3f:3b:75,-86
2025-04-21T22:37:37Z,88:c6:26:3f:3b:75,-85
2025-04-21T22:37:38Z,88:c6:26:3f:3b:75,-85
2025-04-21T22:37:39Z,88:c6:26:3f:3b:75,-89
2025-04-21T22:37:40Z,88:c6:26:3f:3b:75,-87
2025-04-21T22:37:42Z,88:c6:26:3f:3b:75,-86
2025-04-21T22:37:43Z,88:c6:26:3f:3b:75,-85
2025-04-21T22:37:44Z,88:c6:26:3f:3b:75,-85
2025-04-21T22:37:45Z,88:c6:26:3f:3b:75,-83
2025-04-21T22:37:46Z,88:c6:26:3f:3b:75,-85
2025-04-21T22:37:47Z,88:c6:26:3f:3b:75,-84
2025-04-21T22:37:48Z,88:c6:26:3f:3b:75,-83
2025-04-21T22:37:49Z,88:c6:26:3f:3b:75,-85
2025-04-21T22:37:51Z,88:c6:26:3f:3b:75,-85
2025-04-21T22:37:52Z,88:c6:26:3f:3b:75,-83
2025-04-21T22:37:53Z,88:c6:26:3f:3b:75,-87
2025-04-21T22:37:55Z,88:c6:26:3f:3b:75,-87
2025-04-21T22:37:56Z,88:c6:26:3f:3b:75,-87
2025-04-21T22:37:57Z,88:c6:26:3f:3b:75,-85
2025-04-21T22:37:58Z,88:c6:26:3f:3b:75,-83
2025-04-21T22:37:59Z,88:c6:26:3f:3b:75,-87
2025-04-21T22:38:01Z,88:c6:26:3f:3b:75,-85
2025-04-21T22:38:02Z,88:c6:26:3f:3b:75,-87
2025-04-21T22:38:03Z,88:c6:26:3f:3b:75,-84
2025-04-21T22:38:07Z,88:c6:26:3f:3b:75,-85
2025-04-21T22:38:08Z,88:c6:26:3f:3b:75,-85
2025-04-21T22:38:09Z,88:c6:26:3f:3b:75,-88
2025-04-21T22:38:11Z,88:c6:26:3f:3b:75,-84
2025-04-21T22:38:12Z,88:c6:26:3f:3b:75,-84
2025-04-21T22:38:13Z,88:c6:26:3f:3b:75,-85
2025-04-21T22:38:14Z,88:c6:26:3f:3b:75,-85
2025-04-21T22:38:15Z,88:c6:26:3f:3b:75,-85
2025-04-21T22:38:16Z,88:c6:26:3f:3b:75,-84
2025-04-21T22:38:17Z,88:c6:26:3f:3b:75,-88
2025-04-21T22:38:18Z,88:c6:26:3f:3b:75,-84
2025-04-21T22:38:19Z,88:c6:26:3f:3b:75,-86
2025-04-21T22:38:20Z,88:c6:26:3f:3b:75,-85
2025-04-21T22:38:22Z,88:c6:26:3f:3b:75,-85
2025-04-21T22:38:23Z,88:c6:26:3f:3b:75,-83
2025-04-21T22:38:24Z,88:c6:26:3f:3b:75,-88
2025-04-21T22:38:25Z,88:c6:26:3f:3b:75,-84
2025-04-21T22:38:26Z,88:c6:26:3f:3b:75,-89
2025-04-21T22:38:27Z,88:c6:26:3f:3b:75,-84
2025-04-21T22:38:28Z,88:c6:26:3f:3b:75,-83
2025-04-21T22:38:29Z,88:c6:26:3f:3b:75,-83
2025-04-21T22:38:30Z,88:c6:26:3f:3b:75,-86
2025-04-21T22:38:31Z,88:c6:26:3f:3b:75,-88
2025-04-21T22:38:33Z,88:c6:26:3f:3b:75,-87
2025-04-21T22:38:34Z,88:c6:26:3f:3b:75,-85
2025-04-21T22:38:35Z,88:c6:26:3f:3b:75,-88
2025-04-21T22:38:37Z,88:c6:26:3f:3b:75,-85
2025-04-21T22:38:39Z,88:c6:26:3f:3b:75,-84
2025-04-21T22:38:40Z,88:c6:26:3f:3b:75,-85
2025-04-21T22:38:41Z,88:c6:26:3f:3b:75,-85
2025-04-21T22:38:43Z,88:c6:26:3f:3b:75,-85
2025-04-21T22:38:46Z,88:c6:26:3f:3b:75,-86
2025-04-21T22:38:47Z,88:c6:26:3f:3b:75,-86
2025-04-21T22:38:48Z,88:c6:26:3f:3b:75,-86
2025-04-21T22:38:49Z,88:c6:26:3f:3b:75,-88
2025-04-21T22:38:50Z,88:c6:26:3f:3b:75,-85
2025-04-21T22:38:51Z,88:c6:26:3f:3b:75,-84
2025-04-21T22:38:52Z,88:c6:26:3f:3b:75,-84
2025-04-21T22:38:53Z,88:c6:26:3f:3b:75,-85
2025-04-21T22:38:55Z,88:c6:26:3f:3b:75,-83
2025-04-21T22:38:56Z,88:c6:26:3f:3b:75,-88
2025-04-21T22:38:57Z,88:c6:26:3f:3b:75,-85
2025-04-21T22:38:59Z,88:c6:26:3f:3b:75,-86
2025-04-21T22:39:00Z,88:c6:26:3f:3b:75,-87
2025-04-21T22:39:01Z,88:c6:26:3f:3b:75,-84
2025-04-21T22:39:02Z,88:c6:26:3f:3b:75,-85
2025-04-21T22:39:04Z,88:c6:26:3f:3b:75,-83
2025-04-21T22:39:06Z,88:c6:26:3f:3b:75,-86
2025-04-21T22:39:07Z,88:c6:26:3f:3b:75,-83
2025-04-21T22:39:08Z,88:c6:26:3f:3b:75,-88
2025-04-21T22:39:09Z,88:c6:26:3f:3b:75,-88
2025-04-21T22:39:10Z,88:c6:26:3f:3b:75,-84
2025-04-21T22:39:11Z,88:c6:26:3f:3b:75,-84
2025-04-21T22:39:12Z,88:c6:26:3f:3b:75,-84
2025-04-21T22:39:13Z,88:c6:26:3f:3b:75,-85
2025-04-21T22:39:14Z,88:c6:26:3f:3b:75,-83
2025-04-21T22:39:17Z,88:c6:26:3f:3b:75,-85
2025-04-21T22:39:18Z,88:c6:26:3f:3b:75,-88
2025-04-21T22:39:19Z,88:c6:26:3f:3b:75,-86
2025-04-21T22:39:20Z,88:c6:26:3f:3b:75,-84
2025-04-21T22:39:21Z,88:c6:26:3f:3b:75,-86
2025-04-21T22:39:22Z,88:c6:26:3f:3b:75,-85
2025-04-21T22:39:23Z,88:c6:26:3f:3b:75,-85
2025-04-21T22:39:24Z,88:c6:26:3f:3b:75,-85
2025-04-21T22:39:25Z,88:c6:26:3f:3b:75,-82
2025-04-21T22:39:26Z,88:c6:26:3f:3b:75,-87
2025-04-21T22:39:27Z,88:c6:26:3f:3b:75,-86
2025-04-21T22:39:29Z,88:c6:26:3f:3b:75,-90
2025-04-21T22:39:31Z,88:c6:26:3f:3b:75,-88
2025-04-21T22:39:32Z,88:c6:26:3f:3b:75,-88
2025-04-21T22:39:33Z,88:c6:26:3f:3b:75,-82
2025-04-21T22:39:34Z,88:c6:26:3f:3b:75,-84
2025-04-21T22:39:35Z,88:c6:26:3f:3b:75,-87
2025-04-21T22:39:36Z,88:c6:26:3f:3b:75,-88
2025-04-21T22:39:39Z,88:c6:26:3f:3b:75,-85
2025-04-21T22:39:40Z,88:c6:26:3f:3b:75,-86
2025-04-21T22:39:41Z,88:c6:26:3f:3b:75,-83
2025-04-21T22:39:42Z,88:c6:26:3f:3b:75,-85
2025-04-21T22:39:43Z,88:c6:26:3f:3b:75,-85
2025-04-21T22:39:44Z,88:c6:26:3f:3b:75,-85
2025-04-21T22:39:45Z,88:c6:26:3f:3b:75,-87
2025-04-21T22:39:46Z,88:c6:26:3f:3b:75,-85
2025-04-21T22:39:47Z,88:c6:26:3f:3b:75,-84
2025-04-21T22:39:49Z,88:c6:26:3f:3b:75,-84
2025-04-21T22:39:50Z,88:c6:26:3f:3b:75,-88
2025-04-21T22:39:51Z,88:c6:26:3f:3b:75,-83
2025-04-21T22:39:52Z,88:c6:26:3f:3b:75,-84
2025-04-21T22:39:54Z,88:c6:26:3f:3b:75,-86
2025-04-21T22:39:55Z,88:c6:26:3f:3b:75,-87
2025-04-21T22:39:56Z,88:c6:26:3f:3b:75,-84
2025-04-21T22:39:57Z,88:c6:26:3f:3b:75,-85
2025-04-21T22:39:58Z,88:c6:26:3f:3b:75,-86
2025-04-21T22:40:00Z,88:c6:26:3f:3b:75,-85
2025-04-21T22:40:01Z,88:c6:26:3f:3b:75,-86
2025-04-21T22:40:03Z,88:c6:26:3f:3b:75,-88
2025-04-21T22:40:04Z,88:c6:26:3f:3b:75,-87
2025-04-21T22:40:05Z,88:c6:26:3f:3b:75,-84
2025-04-21T22:40:06Z,88:c6:26:3f:3b:75,-86
2025-04-21T22:40:07Z,88:c6:26:3f:3b:75,-83
2025-04-21T22:40:08Z,88:c6:26:3f:3b:75,-86
2025-04-21T22:40:09Z,88:c6:26:3f:3b:75,-84
2025-04-21T22:40:10Z,88:c6:26:3f:3b:75,-86
2025-04-21T22:40:12Z,88:c6:26:3f:3b:75,-86
2025-04-21T22:40:13Z,88:c6:26:3f:3b:75,-86
2025-04-21T22:40:14Z,88:c6:26:3f:3b:75,-86
2025-04-21T22:40:16Z,88:c6:26:3f:3b:75,-85
2025-04-21T22:40:18Z,88:c6:26:3f:3b:75,-83
2025-04-21T22:40:19Z,88:c6:26:3f:3b:75,-90
2025-04-21T22:40:20Z,88:c6:26:3f:3b:75,-86
2025-04-21T22:40:21Z,88:c6:26:3f:3b:75,-86
2025-04-21T22:40:23Z,88:c6:26:3f:3b:75,-85
2025-04-21T22:40:24Z,88:c6:26:3f:3b:75,-84
2025-04-21T22:40:25Z,88:c6:26:3f:3b:75,-82
2025-04-21T22:40:26Z,88:c6:26:3f:3b:75,-87
2025-04-21T22:40:27Z,88:c6:26:3f:3b:75,-84
2025-04-21T22:40:28Z,88:c6:26:3f:3b:75,-88
2025-04-21T22:40:29Z,88:c6:26:3f:3b:75,-86
2025-04-21T22:40:32Z,88:c6:26:3f:3b:75,-86
2025-04-21T22:40:33Z,88:c6:26:3f:3b:75,-85
2025-04-21T22:40:34Z,88:c6:26:3f:3b:75,-87
2025-04-21T22:40:36Z,88:c6:26:3f:3b:75,-86
2025-04-21T22:40:37Z,88:c6:26:3f:3b:75,-85
2025-04-21T22:40:38Z,88:c6:26:3f:3b:75,-86
2025-04-21T22:40:40Z,88:c6:26:3f:3b:75,-87
2025-04-21T22:40:41Z,88:c6:26:3f:3b:75,-86
2025-04-21T22:40:43Z,88:c6:26:3f:3b:75,-88
2025-04-21T22:40:44Z,88:c6:26:3f:3b:75,-84
2025-04-21T22:40:45Z,88:c6:26:3f:3b:75,-89
2025-04-21T22:40:46Z,88:c6:26:3f:3b:75,-87
2025-04-21T22:40:47Z,88:c6:26:3f:3b:75,-85
2025-04-21T22:40:48Z,88:c6:26:3f:3b:75,-86
2025-04-21T22:40:49Z,88:c6:26:3f:3b:75,-86
2025-04-21T22:40:50Z,88:c6:26:3f:3b:75,-89
2025-04-21T22:40:51Z,88:c6:26:3f:3b:75,-87
2025-04-21T22:40:52Z,88:c6:26:3f:3b:75,-87
2025-04-21T22:40:53Z,88:c6:26:3f:3b:75,-86
2025-04-21T22:40:55Z,88:c6:26:3f:3b:75,-84
2025-04-21T22:40:56Z,88:c6:26:3f:3b:75,-85
2025-04-21T22:40:57Z,88:c6:26:3f:3b:75,-84
2025-04-21T22:40:58Z,88:c6:26:3f:3b:75,-87
2025-04-21T22:40:59Z,88:c6:26:3f:3b:75,-83
2025-04-21T22:41:00Z,88:c6:26:3f:3b:75,-87
2025-04-21T22:41:01Z,88:c6:26:3f:3b:75,-86
2025-04-21T22:41:02Z,88:c6:26:3f:3b:75,-85
2025-04-21T22:41:04Z,88:c6:26:3f:3b:75,-88
2025-04-21T22:41:05Z,88:c6:26:3f:3b:75,-84
2025-04-21T22:41:07Z,88:c6:26:3f:3b:75,-84
2025-04-21T22:41:08Z,88:c6:26:3f:3b:75,-87
2025-04-21T22:41:09Z,88:c6:26:3f:3b:75,-92
2025-04-21T22:41:11Z,88:c6:26:3f:3b:75,-84
2025-04-21T22:41:12Z,88:c6:26:3f:3b:75,-83
2025-04-21T22:41:13Z,88:c6:26:3f:3b:75,-85
2025-04-21T22:41:15Z,88:c6:26:3f:3b:75,-86
2025-04-21T22:41:16Z,88:c6:26:3f:3b:75,-85
2025-04-21T22:41:17Z,88:c6:26:3f:3b:75,-86
2025-04-21T22:41:18Z,88:c6:26:3f:3b:75,-85
2025-04-21T22:41:20Z,88:c6:26:3f:3b:75,-86
2025-04-21T22:41:21Z,88:c6:26:3f:3b:75,-87
2025-04-21T22:41:23Z,88:c6:26:3f:3b:75,-86
2025-04-21T22:41:26Z,88:c6:26:3f:3b:75,-86
2025-04-21T22:41:28Z,88:c6:26:3f:3b:75,-83
2025-04-21T22:41:29Z,88:c6:26:3f:3b:75,-86
2025-04-21T22:41:30Z,88:c6:26:3f:3b:75,-85
2025-04-21T22:41:31Z,88:c6:26:3f:3b:75,-82
2025-04-21T22:41:32Z,88:c6:26:3f:3b:75,-84
2025-04-21T22:41:33Z,88:c6:26:3f:3b:75,-87
2025-04-21T22:41:34Z,88:c6:26:3f:3b:75,-83
2025-04-21T22:41:36Z,88:c6:26:3f:3b:75,-86
2025-04-21T22:41:37Z,88:c6:26:3f:3b:75,-86
2025-04-21T22:41:38Z,88:c6:26:3f:3b:75,-87
2025-04-21T22:41:39Z,88:c6:26:3f:3b:75,-83
2025-04-21T22:41:42Z,88:c6:26:3f:3b:75,-85
2025-04-21T22:41:43Z,88:c6:26:3f:3b:75,-87
2025-04-21T22:41:44Z,88:c6:26:3f:3b:75,-83
2025-04-21T22:41:45Z,88:c6:26:3f:3b:75,-85
2025-04-21T22:41:47Z,88:c6:26:3f:3b:75,-83
2025-04-21T22:41:48Z,88:c6:26:3f:3b:75,-84
2025-04-21T22:41:49Z,88:c6:26:3f:3b:75,-84
2025-04-21T22:41:51Z,88:c6:26:3f:3b:75,-84
2025-04-21T22:41:52Z,88:c6:26:3f:3b:75,-84
2025-04-21T22:41:53Z,88:c6:26:3f:3b:75,-88
2025-04-21T22:41:54Z,88:c6:26:3f:3b:75,-84
2025-04-21T22:41:56Z,88:c6:26:3f:3b:75,-84
2025-04-21T22:41:57Z,88:c6:26:3f:3b:75,-85
2025-04-21T22:41:58Z,88:c6:26:3f:3b:75,-82
2025-04-21T22:41:59Z,88:c6:26:3f:3b:75,-86
2025-04-21T22:42:00Z,88:c6:26:3f:3b:75,-87
2025-04-21T22:42:01Z,88:c6:26:3f:3b:75,-86
2025-04-21T22:42:02Z,88:c6:26:3f:3b:75,-84
2025-04-21T22:42:03Z,88:c6:26:3f:3b:75,-86
2025-04-21T22:42:04Z,88:c6:26:3f:3b:75,-87
2025-04-21T22:42:06Z,88:c6:26:3f:3b:75,-85
2025-04-21T22:42:07Z,88:c6:26:3f:3b:75,-85
2025-04-21T22:42:08Z,88:c6:26:3f:3b:75,-84
2025-04-21T22:42:09Z,88:c6:26:3f:3b:75,-86
2025-04-21T22:42:10Z,88:c6:26:3f:3b:75,-87
2025-04-21T22:42:12Z,88:c6:26:3f:3b:75,-89
2025-04-21T22:42:13Z,88:c6:26:3f:3b:75,-87
2025-04-21T22:42:14Z,88:c6:26:3f:3b:75,-83
2025-04-21T22:42:16Z,88:c6:26:3f:3b:75,-85
2025-04-21T22:42:17Z,88:c6:26:3f:3b:75,-86
2025-04-21T22:42:18Z,88:c6:26:3f:3b:75,-84
2025-04-21T22:42:19Z,88:c6:26:3f:3b:75,-87
2025-04-21T22:42:20Z,88:c6:26:3f:3b:75,-86
2025-04-21T22:42:21Z,88:c6:26:3f:3b:75,-83
2025-04-21T22:42:23Z,88:c6:26:3f:3b:75,-84
2025-04-21T22:42:24Z,88:c6:26:3f:3b:75,-84
2025-04-21T22:42:25Z,88:c6:26:3f:3b:75,-87
2025-04-21T22:42:27Z,88:c6:26:3f:3b:75,-84
2025-04-21T22:42:28Z,88:c6:26:3f:3b:75,-83
2025-04-21T22:42:29Z,88:c6:26:3f:3b:75,-85
2025-04-21T22:42:30Z,88:c6:26:3f:3b:75,-85
2025-04-21T22:42:32Z,88:c6:26:3f:3b:75,-84
2025-04-21T22:42:33Z,88:c6:26:3f:3b:75,-86
2025-04-21T22:42:34Z,88:c6:26:3f:3b:75,-85
2025-04-21T22:42:35Z,88:c6:26:3f:3b:75,-84
2025-04-21T22:42:36Z,88:c6:26:3f:3b:75,-85
2025-04-21T22:42:37Z,88:c6:26:3f:3b:75,-82
2025-04-21T22:42:39Z,88:c6:26:3f:3b:75,-88
2025-04-21T22:42:40Z,88:c6:26:3f:3b:75,-84
2025-04-21T22:42:41Z,88:c6:26:3f:3b:75,-88
2025-04-21T22:42:42Z,88:c6:26:3f:3b:75,-86
2025-04-21T22:42:44Z,88:c6:26:3f:3b:75,-89
2025-04-21T22:42:45Z,88:c6:26:3f:3b:75,-83
2025-04-21T22:42:48Z,88:c6:26:3f:3b:75,-86
2025-04-21T22:42:49Z,88:c6:26:3f:3b:75,-82
2025-04-21T22:42:50Z,88:c6:26:3f:3b:75,-86
2025-04-21T22:42:51Z,88:c6:26:3f:3b:75,-84
2025-04-21T22:42:53Z,88:c6:26:3f:3b:75,-84
2025-04-21T22:42:54Z,88:c6:26:3f:3b:75,-86
2025-04-21T22:42:55Z,88:c6:26:3f:3b:75,-87
2025-04-21T22:42:56Z,88:c6:26:3f:3b:75,-85
2025-04-21T22:43:00Z,88:c6:26:3f:3b:75,-85
2025-04-21T22:43:01Z,88:c6:26:3f:3b:75,-85
2025-04-21T22:43:03Z,88:c6:26:3f:3b:75,-84
2025-04-21T22:43:04Z,88:c6:26:3f:3b:75,-83
2025-04-21T22:43:05Z,88:c6:26:3f:3b:75,-86
2025-04-21T22:43:07Z,88:c6:26:3f:3b:75,-86
2025-04-21T22:43:08Z,88:c6:26:3f:3b:75,-83
2025-04-21T22:43:09Z,88:c6:26:3f:3b:75,-87
2025-04-21T22:43:10Z,88:c6:26:3f:3b:75,-89
2025-04-21T22:43:11Z,88:c6:26:3f:3b:75,-85
2025-04-21T22:43:12Z,88:c6:26:3f:3b:75,-84
2025-04-21T22:43:13Z,88:c6:26:3f:3b:75,-86
2025-04-21T22:43:15Z,88:c6:26:3f:3b:75,-86
2025-04-21T22:43:16Z,88:c6:26:3f:3b:75,-81
2025-04-21T22:43:17Z,88:c6:26:3f:3b:75,-86
2025-04-21T22:43:18Z,88:c6:26:3f:3b:75,-85
2025-04-21T22:43:20Z,88:c6:26:3f:3b:75,-85
2025-04-21T22:43:21Z,88:c6:26:3f:3b:75,-87
2025-04-21T22:43:22Z,88:c6:26:3f:3b:75,-85
2025-04-21T22:43:23Z,88:c6:26:3f:3b:75,-86
2025-04-21T22:43:25Z,88:c6:26:3f:3b:75,-86
2025-04-21T22:43:26Z,88:c6:26:3f:3b:75,-86
2025-04-21T22:43:27Z,88:c6:26:3f:3b:75,-84
2025-04-21T22:43:28Z,88:c6:26:3f:3b:75,-84
2025-04-21T22:43:29Z,88:c6:26:3f:3b:75,-87
2025-04-21T22:43:30Z,88:c6:26:3f:3b:75,-84
2025-04-21T22:43:31Z,88:c6:26:3f:3b:75,-88
2025-04-21T22:43:32Z,88:c6:26:3f:3b:75,-86
2025-04-21T22:43:33Z,88:c6:26:3f:3b:75,-88
2025-04-21T22:43:36Z,88:c6:26:3f:3b:75,-86
2025-04-21T22:43:37Z,88:c6:26:3f:3b:75,-88
2025-04-21T22:43:38Z,88:c6:26:3f:3b:75,-84
2025-04-21T22:43:39Z,88:c6:26:3f:3b:75,-84
2025-04-21T22:43:40Z,88:c6:26:3f:3b:75,-85
2025-04-21T22:43:41Z,88:c6:26:3f:3b:75,-88
2025-04-21T22:43:42Z,88:c6:26:3f:3b:75,-84
2025-04-21T22:43:44Z,88:c6:26:3f:3b:75,-85
2025-04-21T22:43:45Z,88:c6:26:3f:3b:75,-85
2025-04-21T22:43:46Z,88:c6:26:3f:3b:75,-84
2025-04-21T22:43:47Z,88:c6:26:3f:3b:75,-83
2025-04-21T22:43:48Z,88:c6:26:3f:3b:75,-85
2025-04-21T22:43:49Z,88:c6:26:3f:3b:75,-85
2025-04-21T22:43:50Z,88:c6:26:3f:3b:75,-85
2025-04-21T22:43:51Z,88:c6:26:3f:3b:75,-84
2025-04-21T22:43:52Z,88:c6:26:3f:3b:75,-88
2025-04-21T22:43:53Z,88:c6:26:3f:3b:75,-86
2025-04-21T22:43:56Z,88:c6:26:3f:3b:75,-87
2025-04-21T22:43:57Z,88:c6:26:3f:3b:75,-90
2025-04-21T22:43:59Z,88:c6:26:3f:3b:75,-86
2025-04-21T22:44:00Z,88:c6:26:3f:3b:75,-86
2025-04-21T22:44:01Z,88:c6:26:3f:3b:75,-83
2025-04-21T22:44:02Z,88:c6:26:3f:3b:75,-87
2025-04-21T22:44:03Z,88:c6:26:3f:3b:75,-87
2025-04-21T22:44:06Z,88:c6:26:3f:3b:75,-87
2025-04-21T22:44:07Z,88:c6:26:3f:3b:75,-88
2025-04-21T22:44:10Z,88:c6:26:3f:3b:75,-85
2025-04-21T22:44:11Z,88:c6:26:3f:3b:75,-89
2025-04-21T22:44:12Z,88:c6:26:3f:3b:75,-83
2025-04-21T22:44:14Z,88:c6:26:3f:3b:75,-88
2025-04-21T22:44:15Z,88:c6:26:3f:3b:75,-83
2025-04-21T22:44:16Z,88:c6:26:3f:3b:75,-87
2025-04-21T22:44:17Z,88:c6:26:3f:3b:75,-88
2025-04-21T22:44:18Z,88:c6:26:3f:3b:75,-87
2025-04-21T22:44:19Z,88:c6:26:3f:3b:75,-86
2025-04-21T22:44:21Z,88:c6:26:3f:3b:75,-87
2025-04-21T22:44:23Z,88:c6:26:3f:3b:75,-85
2025-04-21T22:44:24Z,88:c6:26:3f:3b:75,-83
2025-04-21T22:44:25Z,88:c6:26:3f:3b:75,-84
2025-04-21T22:44:26Z,88:c6:26:3f:3b:75,-84
2025-04-21T22:44:27Z,88:c6:26:3f:3b:75,-85
2025-04-21T22:44:28Z,88:c6:26:3f:3b:75,-86
2025-04-21T22:44:29Z,88:c6:26:3f:3b:75,-85
2025-04-21T22:44:30Z,88:c6:26:3f:3b:75,-83
2025-04-21T22:44:31Z,88:c6:26:3f:3b:75,-85
2025-04-21T22:44:32Z,88:c6:26:3f:3b:75,-86
2025-04-21T22:44:34Z,88:c6:26:3f:3b:75,-82
2025-04-21T22:44:35Z,88:c6:26:3f:3b:75,-85
2025-04-21T22:44:36Z,88:c6:26:3f:3b:75,-87
2025-04-21T22:44:37Z,88:c6:26:3f:3b:75,-84
2025-04-21T22:44:38Z,88:c6:26:3f:3b:75,-85
2025-04-21T22:44:39Z,88:c6:26:3f:3b:75,-83
2025-04-21T22:44:41Z,88:c6:26:3f:3b:75,-85
2025-04-21T22:44:43Z,88:c6:26:3f:3b:75,-84
2025-04-21T22:44:44Z,88:c6:26:3f:3b:75,-85
2025-04-21T22:44:45Z,88:c6:26:3f:3b:75,-86
2025-04-21T22:44:46Z,88:c6:26:3f:3b:75,-84
2025-04-21T22:44:47Z,88:c6:26:3f:3b:75,-84
2025-04-21T22:44:48Z,88:c6:26:3f:3b:75,-84
2025-04-21T22:44:49Z,88:c6:26:3f:3b:75,-86
2025-04-21T22:44:50Z,88:c6:26:3f:3b:75,-85
2025-04-21T22:44:51Z,88:c6:26:3f:3b:75,-88
2025-04-21T22:44:53Z,88:c6:26:3f:3b:75,-84
2025-04-21T22:44:55Z,88:c6:26:3f:3b:75,-85
2025-04-21T22:44:56Z,88:c6:26:3f:3b:75,-87
2025-04-21T22:44:57Z,88:c6:26:3f:3b:75,-83
2025-04-21T22:44:58Z,88:c6:26:3f:3b:75,-84
2025-04-21T22:44:59Z,88:c6:26:3f:3b:75,-85
2025-04-21T22:45:00Z,88:c6:26:3f:3b:75,-84
2025-04-21T22:45:01Z,88:c6:26:3f:3b:75,-86
2025-04-21T22:45:02Z,88:c6:26:3f:3b:75,-84
2025-04-21T22:45:07Z,88:c6:26:3f:3b:75,-83
2025-04-21T22:45:08Z,88:c6:26:3f:3b:75,-88
2025-04-21T22:45:09Z,88:c6:26:3f:3b:75,-85
2025-04-21T22:45:10Z,88:c6:26:3f:3b:75,-85
2025-04-21T22:45:11Z,88:c6:26:3f:3b:75,-86
2025-04-21T22:45:12Z,88:c6:26:3f:3b:75,-84
2025-04-21T22:45:13Z,88:c6:26:3f:3b:75,-83
2025-04-21T22:45:14Z,88:c6:26:3f:3b:75,-88
2025-04-21T22:45:16Z,88:c6:26:3f:3b:75,-84
2025-04-21T22:45:17Z,88:c6:26:3f:3b:75,-85
2025-04-21T22:45:18Z,88:c6:26:3f:3b:75,-84
2025-04-21T22:45:19Z,88:c6:26:3f:3b:75,-86
2025-04-21T22:45:20Z,88:c6:26:3f:3b:75,-89
2025-04-21T22:45:23Z,88:c6:26:3f:3b:75,-88
2025-04-21T22:45:24Z,88:c6:26:3f:3b:75,-87
2025-04-21T22:45:25Z,88:c6:26:3f:3b:75,-84
2025-04-21T22:45:26Z,88:c6:26:3f:3b:75,-87
2025-04-21T22:45:27Z,88:c6:26:3f:3b:75,-84
2025-04-21T22:45:29Z,88:c6:26:3f:3b:75,-84
2025-04-21T22:45:30Z,88:c6:26:3f:3b:75,-83
2025-04-21T22:45:31Z,88:c6:26:3f:3b:75,-85
2025-04-21T22:45:32Z,88:c6:26:3f:3b:75,-88
2025-04-21T22:45:33Z,88:c6:26:3f:3b:75,-84
2025-04-21T22:45:34Z,88:c6:26:3f:3b:75,-83
2025-04-21T22:45:35Z,88:c6:26:3f:3b:75,-86
2025-04-21T22:45:36Z,88:c6:26:3f:3b:75,-85
2025-04-21T22:45:37Z,88:c6:26:3f:3b:75,-84
2025-04-21T22:45:38Z,88:c6:26:3f:3b:75,-85
2025-04-21T22:45:40Z,88:c6:26:3f:3b:75,-86
2025-04-21T22:45:41Z,88:c6:26:3f:3b:75,-85
2025-04-21T22:45:43Z,88:c6:26:3f:3b:75,-87
2025-04-21T22:45:44Z,88:c6:26:3f:3b:75,-87
2025-04-21T22:45:47Z,88:c6:26:3f:3b:75,-85
2025-04-21T22:45:49Z,88:c6:26:3f:3b:75,-83
2025-04-21T22:45:50Z,88:c6:26:3f:3b:75,-86
2025-04-21T22:45:51Z,88:c6:26:3f:3b:75,-84
2025-04-21T22:45:52Z,88:c6:26:3f:3b:75,-84
2025-04-21T22:45:53Z,88:c6:26:3f:3b:75,-86
2025-04-21T22:45:54Z,88:c6:26:3f:3b:75,-87
2025-04-21T22:45:55Z,88:c6:26:3f:3b:75,-87
2025-04-21T22:45:56Z,88:c6:26:3f:3b:75,-88
2025-04-21T22:45:58Z,88:c6:26:3f:3b:75,-88
2025-04-21T22:45:59Z,88:c6:26:3f:3b:75,-86
2025-04-21T22:46:01Z,88:c6:26:3f:3b:75,-85
2025-04-21T22:46:02Z,88:c6:26:3f:3b:75,-87
2025-04-21T22:46:03Z,88:c6:26:3f:3b:75,-88
2025-04-21T22:46:04Z,88:c6:26:3f:3b:75,-87
2025-04-21T22:46:05Z,88:c6:26:3f:3b:75,-84
2025-04-21T22:46:07Z,88:c6:26:3f:3b:75,-88
2025-04-21T22:46:09Z,88:c6:26:3f:3b:75,-87
2025-04-21T22:46:11Z,88:c6:26:3f:3b:75,-87
2025-04-21T22:46:12Z,88:c6:26:3f:3b:75,-85
2025-04-21T22:46:13Z,88:c6:26:3f:3b:75,-83
2025-04-21T22:46:14Z,88:c6:26:3f:3b:75,-83
2025-04-21T22:46:15Z,88:c6:26:3f:3b:75,-86
2025-04-21T22:46:16Z,88:c6:26:3f:3b:75,-86
2025-04-21T22:46:18Z,88:c6:26:3f:3b:75,-84
2025-04-21T22:46:19Z,88:c6:26:3f:3b:75,-84
2025-04-21T22:46:20Z,88:c6:26:3f:3b:75,-86
2025-04-21T22:46:23Z,88:c6:26:3f:3b:75,-84
2025-04-21T22:46:24Z,88:c6:26:3f:3b:75,-84
2025-04-21T22:46:26Z,88:c6:26:3f:3b:75,-83
2025-04-21T22:46:27Z,88:c6:26:3f:3b:75,-86
2025-04-21T22:46:28Z,88:c6:26:3f:3b:75,-84
2025-04-21T22:46:30Z,88:c6:26:3f:3b:75,-86
2025-04-21T22:46:32Z,88:c6:26:3f:3b:75,-82
2025-04-21T22:46:33Z,88:c6:26:3f:3b:75,-83
2025-04-21T22:46:35Z,88:c6:26:3f:3b:75,-84
2025-04-21T22:46:36Z,88:c6:26:3f:3b:75,-87
2025-04-21T22:46:38Z,88:c6:26:3f:3b:75,-87
2025-04-21T22:46:39Z,88:c6:26:3f:3b:75,-85
2025-04-21T22:46:40Z,88:c6:26:3f:3b:75,-86
2025-04-21T22:46:41Z,88:c6:26:3f:3b:75,-85
2025-04-21T22:46:42Z,88:c6:26:3f:3b:75,-87
2025-04-21T22:46:43Z,88:c6:26:3f:3b:75,-88
2025-04-21T22:46:45Z,88:c6:26:3f:3b:75,-86
2025-04-21T22:46:47Z,88:c6:26:3f:3b:75,-86
2025-04-21T22:46:48Z,88:c6:26:3f:3b:75,-84
2025-04-21T22:46:49Z,88:c6:26:3f:3b:75,-87
2025-04-21T22:46:50Z,88:c6:26:3f:3b:75,-85
2025-04-21T22:46:51Z,88:c6:26:3f:3b:75,-86
2025-04-21T22:46:52Z,88:c6:26:3f:3b:75,-86
2025-04-21T22:46:53Z,88:c6:26:3f:3b:75,-86
2025-04-21T22:46:54Z,88:c6:26:3f:3b:75,-84
2025-04-21T22:46:55Z,88:c6:26:3f:3b:75,-87
2025-04-21T22:46:56Z,88:c6:26:3f:3b:75,-85
2025-04-21T22:46:57Z,88:c6:26:3f:3b:75,-86
2025-04-21T22:46:59Z,88:c6:26:3f:3b:75,-87
2025-04-21T22:47:00Z,88:c6:26:3f:3b:75,-85
2025-04-21T22:47:01Z,88:c6:26:3f:3b:75,-89
2025-04-21T22:47:03Z,88:c6:26:3f:3b:75,-86
2025-04-21T22:47:04Z,88:c6:26:3f:3b:75,-85
2025-04-21T22:47:05Z,88:c6:26:3f:3b:75,-86
2025-04-21T22:47:07Z,88:c6:26:3f:3b:75,-86
2025-04-21T22:47:08Z,88:c6:26:3f:3b:75,-86
2025-04-21T22:47:10Z,88:c6:26:3f:3b:75,-86
2025-04-21T22:47:11Z,88:c6:26:3f:3b:75,-84
2025-04-21T22:47:12Z,88:c6:26:3f:3b:75,-85
2025-04-21T22:47:13Z,88:c6:26:3f:3b:75,-86
2025-04-21T22:47:14Z,88:c6:26:3f:3b:75,-87
2025-04-21T22:47:15Z,88:c6:26:3f:3b:75,-86
2025-04-21T22:47:16Z,88:c6:26:3f:3b:75,-84
2025-04-21T22:47:17Z,88:c6:26:3f:3b:75,-85
2025-04-21T22:47:19Z,88:c6:26:3f:3b:75,-84
2025-04-21T22:47:21Z,88:c6:26:3f:3b:75,-86
2025-04-21T22:47:22Z,88:c6:26:3f:3b:75,-84
2025-04-21T22:47:23Z,88:c6:26:3f:3b:75,-86
2025-04-21T22:47:25Z,88:c6:26:3f:3b:75,-89
2025-04-21T22:47:26Z,88:c6:26:3f:3b:75,-86
2025-04-21T22:47:27Z,88:c6:26:3f:3b:75,-85
2025-04-21T22:47:28Z,88:c6:26:3f:3b:75,-87
2025-04-21T22:47:29Z,88:c6:26:3f:3b:75,-85
2025-04-21T22:47:31Z,88:c6:26:3f:3b:75,-85
2025-04-21T22:47:33Z,88:c6:26:3f:3b:75,-85
2025-04-21T22:47:34Z,88:c6:26:3f:3b:75,-86
2025-04-21T22:47:35Z,88:c6:26:3f:3b:75,-83
2025-04-21T22:47:36Z,88:c6:26:3f:3b:75,-84
2025-04-21T22:47:37Z,88:c6:26:3f:3b:75,-85
2025-04-21T22:47:38Z,88:c6:26:3f:3b:75,-85
2025-04-21T22:47:40Z,88:c6:26:3f:3b:75,-86
2025-04-21T22:47:42Z,88:c6:26:3f:3b:75,-86
2025-04-21T22:47:44Z,88:c6:26:3f:3b:75,-87
2025-04-21T22:47:45Z,88:c6:26:3f:3b:75,-85
2025-04-21T22:47:46Z,88:c6:26:3f:3b:75,-84
2025-04-21T22:47:48Z,88:c6:26:3f:3b:75,-84
2025-04-21T22:47:49Z,88:c6:26:3f:3b:75,-85
2025-04-21T22:47:50Z,88:c6:26:3f:3b:75,-84
2025-04-21T22:47:51Z,88:c6:26:3f:3b:75,-85
2025-04-21T22:47:52Z,88:c6:26:3f:3b:75,-86
2025-04-21T22:47:54Z,88:c6:26:3f:3b:75,-87
2025-04-21T22:47:56Z,88:c6:26:3f:3b:75,-85
2025-04-21T22:47:57Z,88:c6:26:3f:3b:75,-87
2025-04-21T22:47:58Z,88:c6:26:3f:3b:75,-87
2025-04-21T22:47:59Z,88:c6:26:3f:3b:75,-84
2025-04-21T22:48:00Z,88:c6:26:3f:3b:75,-86
2025-04-21T22:48:03Z,88:c6:26:3f:3b:75,-86
2025-04-21T22:48:04Z,88:c6:26:3f:3b:75,-84
2025-04-21T22:48:08Z,88:c6:26:3f:3b:75,-84
2025-04-21T22:48:10Z,88:c6:26:3f:3b:75,-86
2025-04-21T22:48:11Z,88:c6:26:3f:3b:75,-82
2025-04-21T22:48:12Z,88:c6:26:3f:3b:75,-84
2025-04-21T22:48:13Z,88:c6:26:3f:3b:75,-85
2025-04-21T22:48:14Z,88:c6:26:3f:3b:75,-86
2025-04-21T22:48:15Z,88:c6:26:3f:3b:75,-85
2025-04-21T22:48:16Z,88:c6:26:3f:3b:75,-84
2025-04-21T22:48:18Z,88:c6:26:3f:3b:75,-85
2025-04-21T22:48:19Z,88:c6:26:3f:3b:75,-85
2025-04-21T22:48:20Z,88:c6:26:3f:3b:75,-86
2025-04-21T22:48:21Z,88:c6:26:3f:3b:75,-86
2025-04-21T22:48:22Z,88:c6:26:3f:3b:75,-86
2025-04-21T22:48:23Z,88:c6:26:3f:3b:75,-84
2025-04-21T22:48:24Z,88:c6:26:3f:3b:75,-86
2025-04-21T22:48:25Z,88:c6:26:3f:3b:75,-86
2025-04-21T22:48:26Z,88:c6:26:3f:3b:75,-85
2025-04-21T22:48:28Z,88:c6:26:3f:3b:75,-83
2025-04-21T22:48:29Z,88:c6:26:3f:3b:75,-85
2025-04-21T22:48:30Z,88:c6:26:3f:3b:75,-85
2025-04-21T22:48:31Z,88:c6:26:3f:3b:75,-83
2025-04-21T22:48:32Z,88:c6:26:3f:3b:75,-86
2025-04-21T22:48:33Z,88:c6:26:3f:3b:75,-89
2025-04-21T22:48:34Z,88:c6:26:3f:3b:75,-89
2025-04-21T22:48:35Z,88:c6:26:3f:3b:75,-85
2025-04-21T22:48:36Z,88:c6:26:3f:3b:75,-86
2025-04-21T22:48:38Z,88:c6:26:3f:3b:75,-83
2025-04-21T22:48:39Z,88:c6:26:3f:3b:75,-86
2025-04-21T22:48:40Z,88:c6:26:3f:3b:75,-86
2025-04-21T22:48:41Z,88:c6:26:3f:3b:75,-84
2025-04-21T22:48:42Z,88:c6:26:3f:3b:75,-85
2025-04-21T22:48:43Z,88:c6:26:3f:3b:75,-87
2025-04-21T22:48:44Z,88:c6:26:3f:3b:75,-87
2025-04-21T22:48:47Z,88:c6:26:3f:3b:75,-85
2025-04-21T22:48:48Z,88:c6:26:3f:3b:75,-86
2025-04-21T22:48:49Z,88:c6:26:3f:3b:75,-86
2025-04-21T22:48:50Z,88:c6:26:3f:3b:75,-85
2025-04-21T22:48:51Z,88:c6:26:3f:3b:75,-85
2025-04-21T22:48:52Z,88:c6:26:3f:3b:75,-85
2025-04-21T22:48:53Z,88:c6:26:3f:3b:75,-85
2025-04-21T22:48:55Z,88:c6:26:3f:3b:75,-89
2025-04-21T22:48:56Z,88:c6:26:3f:3b:75,-85
2025-04-21T22:48:57Z,88:c6:26:3f:3b:75,-84
2025-04-21T22:48:58Z,88:c6:26:3f:3b:75,-87
2025-04-21T22:48:59Z,88:c6:26:3f:3b:75,-83
2025-04-21T22:49:00Z,88:c6:26:3f:3b:75,-82
2025-04-21T22:49:01Z,88:c6:26:3f:3b:75,-84
2025-04-21T22:49:02Z,88:c6:26:3f:3b:75,-85
2025-04-21T22:49:05Z,88:c6:26:3f:3b:75,-86
2025-04-21T22:49:06Z,88:c6:26:3f:3b:75,-83
2025-04-21T22:49:07Z,88:c6:26:3f:3b:75,-87
2025-04-21T22:49:08Z,88:c6:26:3f:3b:75,-87
2025-04-21T22:49:09Z,88:c6:26:3f:3b:75,-87
2025-04-21T22:49:12Z,88:c6:26:3f:3b:75,-88
2025-04-21T22:49:13Z,88:c6:26:3f:3b:75,-87
2025-04-21T22:49:14Z,88:c6:26:3f:3b:75,-83
2025-04-21T22:49:15Z,88:c6:26:3f:3b:75,-86
2025-04-21T22:49:16Z,88:c6:26:3f:3b:75,-84
2025-04-21T22:49:17Z,88:c6:26:3f:3b:75,-85
2025-04-21T22:49:18Z,88:c6:26:3f:3b:75,-86
2025-04-21T22:49:20Z,88:c6:26:3f:3b:75,-85
2025-04-21T22:49:21Z,88:c6:26:3f:3b:75,-87
2025-04-21T22:49:22Z,88:c6:26:3f:3b:75,-83
2025-04-21T22:49:23Z,88:c6:26:3f:3b:75,-84
2025-04-21T22:49:24Z,88:c6:26:3f:3b:75,-85
2025-04-21T22:49:25Z,88:c6:26:3f:3b:75,-85
2025-04-21T22:49:26Z,88:c6:26:3f:3b:75,-87
2025-04-21T22:49:27Z,88:c6:26:3f:3b:75,-85
2025-04-21T22:49:28Z,88:c6:26:3f:3b:75,-86
2025-04-21T22:49:31Z,88:c6:26:3f:3b:75,-84
2025-04-21T22:49:32Z,88:c6:26:3f:3b:75,-86
2025-04-21T22:49:33Z,88:c6:26:3f:3b:75,-86
2025-04-21T22:49:34Z,88:c6:26:3f:3b:75,-86
2025-04-21T22:49:35Z,88:c6:26:3f:3b:75,-87
2025-04-21T22:49:36Z,88:c6:26:3f:3b:75,-86
2025-04-21T22:49:37Z,88:c6:26:3f:3b:75,-87
2025-04-21T22:49:38Z,88:c6:26:3f:3b:75,-86
2025-04-21T22:49:39Z,88:c6:26:3f:3b:75,-86
2025-04-21T22:49:41Z,88:c6:26:3f:3b:75,-86
2025-04-21T22:49:42Z,88:c6:26:3f:3b:75,-85
2025-04-21T22:49:43Z,88:c6:26:3f:3b:75,-86
2025-04-21T22:49:44Z,88:c6:26:3f:3b:75,-86
2025-04-21T22:49:45Z,88:c6:26:3f:3b:75,-86
2025-04-21T22:49:46Z,88:c6:26:3f:3b:75,-84
2025-04-21T22:49:47Z,88:c6:26:3f:3b:75,-84
2025-04-21T22:49:48Z,88:c6:26:3f:3b:75,-85
2025-04-21T22:49:50Z,88:c6:26:3f:3b:75,-88
2025-04-21T22:49:52Z,88:c6:26:3f:3b:75,-85
2025-04-21T22:49:54Z,88:c6:26:3f:3b:75,-85
2025-04-21T22:49:55Z,88:c6:26:3f:3b:75,-85
2025-04-21T22:49:56Z,88:c6:26:3f:3b:75,-88
2025-04-21T22:49:57Z,88:c6:26:3f:3b:75,-85
2025-04-21T22:49:58Z,88:c6:26:3f:3b:75,-90
2025-04-21T22:50:00Z,88:c6:26:3f:3b:75,-84
2025-04-21T22:50:01Z,88:c6:26:3f:3b:75,-84
2025-04-21T22:50:02Z,88:c6:26:3f:3b:75,-85
2025-04-21T22:50:03Z,88:c6:26:3f:3b:75,-85
2025-04-21T22:50:04Z,88:c6:26:3f:3b:75,-86
2025-04-21T22:50:05Z,88:c6:26:3f:3b:75,-87
2025-04-21T22:50:06Z,88:c6:26:3f:3b:75,-85
2025-04-21T22:50:10Z,88:c6:26:3f:3b:75,-85
2025-04-21T22:50:11Z,88:c6:26:3f:3b:75,-87
2025-04-21T22:50:12Z,88:c6:26:3f:3b:75,-85
2025-04-21T22:50:13Z,88:c6:26:3f:3b:75,-89
2025-04-21T22:50:14Z,88:c6:26:3f:3b:75,-84
2025-04-21T22:50:15Z,88:c6:26:3f:3b:75,-82
2025-04-21T22:50:16Z,88:c6:26:3f:3b:75,-84
2025-04-21T22:50:19Z,88:c6:26:3f:3b:75,-85
2025-04-21T22:50:20Z,88:c6:26:3f:3b:75,-86
2025-04-21T22:50:21Z,88:c6:26:3f:3b:75,-84
2025-04-21T22:50:22Z,88:c6:26:3f:3b:75,-86
2025-04-21T22:50:23Z,88:c6:26:3f:3b:75,-85
2025-04-21T22:50:24Z,88:c6:26:3f:3b:75,-86
2025-04-21T22:50:25Z,88:c6:26:3f:3b:75,-86
2025-04-21T22:50:26Z,88:c6:26:3f:3b:75,-87
2025-04-21T22:50:27Z,88:c6:26:3f:3b:75,-84
2025-04-21T22:50:28Z,88:c6:26:3f:3b:75,-87
2025-04-21T22:50:30Z,88:c6:26:3f:3b:75,-84
2025-04-21T22:50:31Z,88:c6:26:3f:3b:75,-82
2025-04-21T22:50:32Z,88:c6:26:3f:3b:75,-86
2025-04-21T22:50:33Z,88:c6:26:3f:3b:75,-86
2025-04-21T22:50:34Z,88:c6:26:3f:3b:75,-84
2025-04-21T22:50:35Z,88:c6:26:3f:3b:75,-83
2025-04-21T22:50:36Z,88:c6:26:3f:3b:75,-85
2025-04-21T22:50:37Z,88:c6:26:3f:3b:75,-85
2025-04-21T22:50:39Z,88:c6:26:3f:3b:75,-86
2025-04-21T22:50:40Z,88:c6:26:3f:3b:75,-84
2025-04-21T22:50:42Z,88:c6:26:3f:3b:75,-88
2025-04-21T22:50:43Z,88:c6:26:3f:3b:75,-85
2025-04-21T22:50:44Z,88:c6:26:3f:3b:75,-88
2025-04-21T22:50:45Z,88:c6:26:3f:3b:75,-85
2025-04-21T22:50:46Z,88:c6:26:3f:3b:75,-88
2025-04-21T22:50:47Z,88:c6:26:3f:3b:75,-87
2025-04-21T22:50:49Z,88:c6:26:3f:3b:75,-84
2025-04-21T22:50:50Z,88:c6:26:3f:3b:75,-85
2025-04-21T22:50:51Z,88:c6:26:3f:3b:75,-83
2025-04-21T22:50:52Z,88:c6:26:3f:3b:75,-86
2025-04-21T22:50:53Z,88:c6:26:3f:3b:75,-85
2025-04-21T22:50:54Z,88:c6:26:3f:3b:75,-83
2025-04-21T22:50:55Z,88:c6:26:3f:3b:75,-86
2025-04-21T22:50:57Z,88:c6:26:3f:3b:75,-85
2025-04-21T22:50:58Z,88:c6:26:3f:3b:75,-84
2025-04-21T22:50:59Z,88:c6:26:3f:3b:75,-83
2025-04-21T22:51:00Z,88:c6:26:3f:3b:75,-87
2025-04-21T22:51:02Z,88:c6:26:3f:3b:75,-85
2025-04-21T22:51:03Z,88:c6:26:3f:3b:75,-87
2025-04-21T22:51:06Z,88:c6:26:3f:3b:75,-88
2025-04-21T22:51:07Z,88:c6:26:3f:3b:75,-86
2025-04-21T22:51:09Z,88:c6:26:3f:3b:75,-88
2025-04-21T22:51:10Z,88:c6:26:3f:3b:75,-85
2025-04-21T22:51:15Z,88:c6:26:3f:3b:75,-85
2025-04-21T22:51:16Z,88:c6:26:3f:3b:75,-88
2025-04-21T22:51:17Z,88:c6:26:3f:3b:75,-89
2025-04-21T22:51:19Z,88:c6:26:3f:3b:75,-86
2025-04-21T22:51:20Z,88:c6:26:3f:3b:75,-88
2025-04-21T22:51:21Z,88:c6:26:3f:3b:75,-87
2025-04-21T22:51:22Z,88:c6:26:3f:3b:75,-84
2025-04-21T22:51:23Z,88:c6:26:3f:3b:75,-89
2025-04-21T22:51:25Z,88:c6:26:3f:3b:75,-83
2025-04-21T22:51:26Z,88:c6:26:3f:3b:75,-86
2025-04-21T22:51:27Z,88:c6:26:3f:3b:75,-86
2025-04-21T22:51:28Z,88:c6:26:3f:3b:75,-83
2025-04-21T22:51:29Z,88:c6:26:3f:3b:75,-86
2025-04-21T22:51:30Z,88:c6:26:3f:3b:75,-86
2025-04-21T22:51:31Z,88:c6:26:3f:3b:75,-90
2025-04-21T22:51:34Z,88:c6:26:3f:3b:75,-84
2025-04-21T22:51:35Z,88:c6:26:3f:3b:75,-86
2025-04-21T22:51:36Z,88:c6:26:3f:3b:75,-84
2025-04-21T22:51:37Z,88:c6:26:3f:3b:75,-89
2025-04-21T22:51:38Z,88:c6:26:3f:3b:75,-85
2025-04-21T22:51:39Z,88:c6:26:3f:3b:75,-84
2025-04-21T22:51:40Z,88:c6:26:3f:3b:75,-84
2025-04-21T22:51:41Z,88:c6:26:3f:3b:75,-83
2025-04-21T22:51:42Z,88:c6:26:3f:3b:75,-85
2025-04-21T22:51:44Z,88:c6:26:3f:3b:75,-83
2025-04-21T22:51:46Z,88:c6:26:3f:3b:75,-84
2025-04-21T22:51:48Z,88:c6:26:3f:3b:75,-84
2025-04-21T22:51:49Z,88:c6:26:3f:3b:75,-84
2025-04-21T22:51:50Z,88:c6:26:3f:3b:75,-86
2025-04-21T22:51:51Z,88:c6:26:3f:3b:75,-84
2025-04-21T22:51:52Z,88:c6:26:3f:3b:75,-85
2025-04-21T22:51:54Z,88:c6:26:3f:3b:75,-85
2025-04-21T22:51:56Z,88:c6:26:3f:3b:75,-84
2025-04-21T22:51:58Z,88:c6:26:3f:3b:75,-87
2025-04-21T22:51:59Z,88:c6:26:3f:3b:75,-86
2025-04-21T22:52:00Z,88:c6:26:3f:3b:75,-85
2025-04-21T22:52:02Z,88:c6:26:3f:3b:75,-88
2025-04-21T22:52:03Z,88:c6:26:3f:3b:75,-84
2025-04-21T22:52:04Z,88:c6:26:3f:3b:75,-85
2025-04-21T22:52:05Z,88:c6:26:3f:3b:75,-83
2025-04-21T22:52:07Z,88:c6:26:3f:3b:75,-86
2025-04-21T22:52:09Z,88:c6:26:3f:3b:75,-87
2025-04-21T22:52:11Z,88:c6:26:3f:3b:75,-83
2025-04-21T22:52:12Z,88:c6:26:3f:3b:75,-87
2025-04-21T22:52:13Z,88:c6:26:3f:3b:75,-85
2025-04-21T22:52:14Z,88:c6:26:3f:3b:75,-90
2025-04-21T22:52:15Z,88:c6:26:3f:3b:75,-84
2025-04-21T22:52:16Z,88:c6:26:3f:3b:75,-86
2025-04-21T22:52:17Z,88:c6:26:3f:3b:75,-86
2025-04-21T22:52:18Z,88:c6:26:3f:3b:75,-87
2025-04-21T22:52:20Z,88:c6:26:3f:3b:75,-84
2025-04-21T22:52:21Z,88:c6:26:3f:3b:75,-89
2025-04-21T22:52:22Z,88:c6:26:3f:3b:75,-84
2025-04-21T22:52:23Z,88:c6:26:3f:3b:75,-89
2025-04-21T22:52:24Z,88:c6:26:3f:3b:75,-84
2025-04-21T22:52:25Z,88:c6:26:3f:3b:75,-88
2025-04-21T22:52:26Z,88:c6:26:3f:3b:75,-85
2025-04-21T22:52:27Z,88:c6:26:3f:3b:75,-85
2025-04-21T22:52:28Z,88:c6:26:3f:3b:75,-86
2025-04-21T22:52:30Z,88:c6:26:3f:3b:75,-84
2025-04-21T22:52:31Z,88:c6:26:3f:3b:75,-85
2025-04-21T22:52:33Z,88:c6:26:3f:3b:75,-87
2025-04-21T22:52:35Z,88:c6:26:3f:3b:75,-86
2025-04-21T22:52:42Z,88:c6:26:3f:3b:75,-85
2025-04-21T22:52:43Z,88:c6:26:3f:3b:75,-86
2025-04-21T22:52:45Z,88:c6:26:3f:3b:75,-84
2025-04-21T22:52:47Z,88:c6:26:3f:3b:75,-84
2025-04-21T22:52:48Z,88:c6:26:3f:3b:75,-85
2025-04-21T22:52:49Z,88:c6:26:3f:3b:75,-86
2025-04-21T22:52:51Z,88:c6:26:3f:3b:75,-89
2025-04-21T22:52:52Z,88:c6:26:3f:3b:75,-84
2025-04-21T22:52:53Z,88:c6:26:3f:3b:75,-84
2025-04-21T22:52:54Z,88:c6:26:3f:3b:75,-85
2025-04-21T22:52:55Z,88:c6:26:3f:3b:75,-83
2025-04-21T22:52:58Z,88:c6:26:3f:3b:75,-86
2025-04-21T22:52:59Z,88:c6:26:3f:3b:75,-85
2025-04-21T22:53:00Z,88:c6:26:3f:3b:75,-89
2025-04-21T22:53:01Z,88:c6:26:3f:3b:75,-86
2025-04-21T22:53:03Z,88:c6:26:3f:3b:75,-83
2025-04-21T22:53:04Z,88:c6:26:3f:3b:75,-90
2025-04-21T22:53:05Z,88:c6:26:3f:3b:75,-84
2025-04-21T22:53:06Z,88:c6:26:3f:3b:75,-84
2025-04-21T22:53:07Z,88:c6:26:3f:3b:75,-87
2025-04-21T22:53:08Z,88:c6:26:3f:3b:75,-84
2025-04-21T22:53:11Z,88:c6:26:3f:3b:75,-86
2025-04-21T22:53:12Z,88:c6:26:3f:3b:75,-87
2025-04-21T22:53:14Z,88:c6:26:3f:3b:75,-84
2025-04-21T22:53:15Z,88:c6:26:3f:3b:75,-86
2025-04-21T22:53:16Z,88:c6:26:3f:3b:75,-90
2025-04-21T22:53:17Z,88:c6:26:3f:3b:75,-86
2025-04-21T22:53:20Z,88:c6:26:3f:3b:75,-85
2025-04-21T22:53:21Z,88:c6:26:3f:3b:75,-86
2025-04-21T22:53:23Z,88:c6:26:3f:3b:75,-86
2025-04-21T22:53:24Z,88:c6:26:3f:3b:75,-84
2025-04-21T22:53:25Z,88:c6:26:3f:3b:75,-85
2025-04-21T22:53:26Z,88:c6:26:3f:3b:75,-86
2025-04-21T22:53:27Z,88:c6:26:3f:3b:75,-83
2025-04-21T22:53:29Z,88:c6:26:3f:3b:75,-85
2025-04-21T22:53:30Z,88:c6:26:3f:3b:75,-84
2025-04-21T22:53:31Z,88:c6:26:3f:3b:75,-85
2025-04-21T22:53:34Z,88:c6:26:3f:3b:75,-83
2025-04-21T22:53:37Z,88:c6:26:3f:3b:75,-85
2025-04-21T22:53:38Z,88:c6:26:3f:3b:75,-88
2025-04-21T22:53:39Z,88:c6:26:3f:3b:75,-85
2025-04-21T22:53:41Z,88:c6:26:3f:3b:75,-85
2025-04-21T22:53:42Z,88:c6:26:3f:3b:75,-84
2025-04-21T22:53:43Z,88:c6:26:3f:3b:75,-89
2025-04-21T22:53:47Z,88:c6:26:3f:3b:75,-84
2025-04-21T22:53:51Z,88:c6:26:3f:3b:75,-85
2025-04-21T22:53:56Z,88:c6:26:3f:3b:75,-84
2025-04-21T22:53:58Z,88:c6:26:3f:3b:75,-86
2025-04-21T22:54:11Z,88:c6:26:3f:3b:75,-86
2025-04-21T22:54:19Z,88:c6:26:3f:3b:75,-83
2025-04-21T22:54:22Z,88:c6:26:3f:3b:75,-86
2025-04-21T22:54:26Z,88:c6:26:3f:3b:75,-85
2025-04-21T22:54:31Z,88:c6:26:3f:3b:75,-86
2025-04-21T22:54:35Z,88:c6:26:3f:3b:75,-83
2025-04-21T22:54:41Z,88:c6:26:3f:3b:75,-87
2025-04-21T22:54:57Z,88:c6:26:3f:3b:75,-84
2025-04-21T22:55:01Z,88:c6:26:3f:3b:75,-85
2025-04-21T22:55:06Z,88:c6:26:3f:3b:75,-86
2025-04-21T22:55:12Z,88:c6:26:3f:3b:75,-85
2025-04-21T22:55:17Z,88:c6:26:3f:3b:75,-84
2025-04-21T22:55:24Z,88:c6:26:3f:3b:75,-87
2025-04-21T22:55:28Z,88:c6:26:3f:3b:75,-85
2025-04-21T22:55:31Z,88:c6:26:3f:3b:75,-84
2025-04-21T22:55:35Z,88:c6:26:3f:3b:75,-85
2025-04-21T22:55:39Z,88:c6:26:3f:3b:75,-85
2025-04-21T22:56:03Z,88:c6:26:3f:3b:75,-83
2025-04-21T22:56:10Z,88:c6:26:3f:3b:75,-85
2025-04-21T22:56:11Z,88:c6:26:3f:3b:75,-86
2025-04-21T22:56:12Z,88:c6:26:3f:3b:75,-85
2025-04-21T22:56:13Z,88:c6:26:3f:3b:75,-86
2025-04-21T22:56:14Z,88:c6:26:3f:3b:75,-86
2025-04-21T22:56:15Z,88:c6:26:3f:3b:75,-86
2025-04-21T22:56:16Z,88:c6:26:3f:3b:75,-86
2025-04-21T22:56:17Z,88:c6:26:3f:3b:75,-88
2025-04-21T22:56:18Z,88:c6:26:3f:3b:75,-85
2025-04-21T22:56:21Z,88:c6:26:3f:3b:75,-87
2025-04-21T22:56:24Z,88:c6:26:3f:3b:75,-85
2025-04-21T22:56:25Z,88:c6:26:3f:3b:75,-88
2025-04-21T22:56:26Z,88:c6:26:3f:3b:75,-85
2025-04-21T22:56:27Z,88:c6:26:3f:3b:75,-87
2025-04-21T22:56:28Z,88:c6:26:3f:3b:75,-84
2025-04-21T22:56:29Z,88:c6:26:3f:3b:75,-86
2025-04-21T22:56:31Z,88:c6:26:3f:3b:75,-83
2025-04-21T22:56:32Z,88:c6:26:3f:3b:75,-84
2025-04-21T22:56:33Z,88:c6:26:3f:3b:75,-86
2025-04-21T22:56:34Z,88:c6:26:3f:3b:75,-86
2025-04-21T22:56:35Z,88:c6:26:3f:3b:75,-86
2025-04-21T22:56:37Z,88:c6:26:3f:3b:75,-86
2025-04-21T22:56:38Z,88:c6:26:3f:3b:75,-83
2025-04-21T22:56:40Z,88:c6:26:3f:3b:75,-85
2025-04-21T22:56:41Z,88:c6:26:3f:3b:75,-85
2025-04-21T22:56:43Z,88:c6:26:3f:3b:75,-83
2025-04-21T22:56:44Z,88:c6:26:3f:3b:75,-85
2025-04-21T22:56:45Z,88:c6:26:3f:3b:75,-84
2025-04-21T22:56:46Z,88:c6:26:3f:3b:75,-87
2025-04-21T22:56:48Z,88:c6:26:3f:3b:75,-86
2025-04-21T22:56:49Z,88:c6:26:3f:3b:75,-88
2025-04-21T22:56:50Z,88:c6:26:3f:3b:75,-87
2025-04-21T22:56:52Z,88:c6:26:3f:3b:75,-85
2025-04-21T22:56:54Z,88:c6:26:3f:3b:75,-85
2025-04-21T22:56:55Z,88:c6:26:3f:3b:75,-85
2025-04-21T22:56:58Z,88:c6:26:3f:3b:75,-86
2025-04-21T22:56:59Z,88:c6:26:3f:3b:75,-85
2025-04-21T22:57:00Z,88:c6:26:3f:3b:75,-85
2025-04-21T22:57:01Z,88:c6:26:3f:3b:75,-84
2025-04-21T22:57:02Z,88:c6:26:3f:3b:75,-84
2025-04-21T22:57:03Z,88:c6:26:3f:3b:75,-85
2025-04-21T22:57:05Z,88:c6:26:3f:3b:75,-82
2025-04-21T22:57:06Z,88:c6:26:3f:3b:75,-87
2025-04-21T22:57:07Z,88:c6:26:3f:3b:75,-85
2025-04-21T22:57:08Z,88:c6:26:3f:3b:75,-83
2025-04-21T22:57:09Z,88:c6:26:3f:3b:75,-86
2025-04-21T22:57:12Z,88:c6:26:3f:3b:75,-85
2025-04-21T22:57:13Z,88:c6:26:3f:3b:75,-84
2025-04-21T22:57:15Z,88:c6:26:3f:3b:75,-85
2025-04-21T22:57:16Z,88:c6:26:3f:3b:75,-86
2025-04-21T22:57:17Z,88:c6:26:3f:3b:75,-85
2025-04-21T22:57:18Z,88:c6:26:3f:3b:75,-86
2025-04-21T22:57:20Z,88:c6:26:3f:3b:75,-84
2025-04-21T22:57:21Z,88:c6:26:3f:3b:75,-84
2025-04-21T22:57:22Z,88:c6:26:3f:3b:75,-84
2025-04-21T22:57:23Z,88:c6:26:3f:3b:75,-84
2025-04-21T22:57:24Z,88:c6:26:3f:3b:75,-85
2025-04-21T22:57:25Z,88:c6:26:3f:3b:75,-86
2025-04-21T22:57:26Z,88:c6:26:3f:3b:75,-88
2025-04-21T22:57:27Z,88:c6:26:3f:3b:75,-85
2025-04-21T22:57:28Z,88:c6:26:3f:3b:75,-87
2025-04-21T22:57:29Z,88:c6:26:3f:3b:75,-87
2025-04-21T22:57:31Z,88:c6:26:3f:3b:75,-86
2025-04-21T22:57:33Z,88:c6:26:3f:3b:75,-84
2025-04-21T22:57:34Z,88:c6:26:3f:3b:75,-85
2025-04-21T22:57:35Z,88:c6:26:3f:3b:75,-84
2025-04-21T22:57:36Z,88:c6:26:3f:3b:75,-87
2025-04-21T22:57:37Z,88:c6:26:3f:3b:75,-84
2025-04-21T22:57:38Z,88:c6:26:3f:3b:75,-83
2025-04-21T22:57:39Z,88:c6:26:3f:3b:75,-85
2025-04-21T22:57:40Z,88:c6:26:3f:3b:75,-84
2025-04-21T22:57:41Z,88:c6:26:3f:3b:75,-84
2025-04-21T22:57:42Z,88:c6:26:3f:3b:75,-88
2025-04-21T22:57:44Z,88:c6:26:3f:3b:75,-84
2025-04-21T22:57:45Z,88:c6:26:3f:3b:75,-84
2025-04-21T22:57:46Z,88:c6:26:3f:3b:75,-85
2025-04-21T22:57:47Z,88:c6:26:3f:3b:75,-83
2025-04-21T22:57:49Z,88:c6:26:3f:3b:75,-84
2025-04-21T22:57:50Z,88:c6:26:3f:3b:75,-82
2025-04-21T22:57:51Z,88:c6:26:3f:3b:75,-85
2025-04-21T22:57:53Z,88:c6:26:3f:3b:75,-85
2025-04-21T22:57:54Z,88:c6:26:3f:3b:75,-85
2025-04-21T22:57:56Z,88:c6:26:3f:3b:75,-84
2025-04-21T22:57:59Z,88:c6:26:3f:3b:75,-87
2025-04-21T22:58:00Z,88:c6:26:3f:3b:75,-83
2025-04-21T22:58:01Z,1f:6e:49:0c:d3:8d,-92
2025-04-21T22:58:01Z,88:c6:26:3f:3b:75,-85
2025-04-21T22:58:06Z,88:c6:26:3f:3b:75,-88
2025-04-21T22:58:07Z,88:c6:26:3f:3b:75,-84
2025-04-21T22:58:08Z,88:c6:26:3f:3b:75,-84
2025-04-21T22:58:10Z,88:c6:26:3f:3b:75,-87
2025-04-21T22:58:14Z,88:c6:26:3f:3b:75,-83
2025-04-21T22:58:16Z,88:c6:26:3f:3b:75,-90
2025-04-21T22:58:18Z,88:c6:26:3f:3b:75,-84
2025-04-21T22:58:19Z,88:c6:26:3f:3b:75,-87
2025-04-21T22:58:20Z,88:c6:26:3f:3b:75,-82
2025-04-21T22:58:21Z,88:c6:26:3f:3b:75,-87
2025-04-21T22:58:22Z,88:c6:26:3f:3b:75,-83
2025-04-21T22:58:23Z,88:c6:26:3f:3b:75,-86
2025-04-21T22:58:24Z,88:c6:26:3f:3b:75,-82
2025-04-21T22:58:26Z,88:c6:26:3f:3b:75,-86
2025-04-21T22:58:27Z,88:c6:26:3f:3b:75,-85
2025-04-21T22:58:28Z,88:c6:26:3f:3b:75,-86
2025-04-21T22:58:29Z,88:c6:26:3f:3b:75,-86
2025-04-21T22:58:30Z,88:c6:26:3f:3b:75,-85
2025-04-21T22:58:31Z,88:c6:26:3f:3b:75,-85
2025-04-21T22:58:32Z,88:c6:26:3f:3b:75,-86
2025-04-21T22:58:34Z,88:c6:26:3f:3b:75,-86
2025-04-21T22:58:35Z,88:c6:26:3f:3b:75,-84
2025-04-21T22:58:36Z,88:c6:26:3f:3b:75,-89
2025-04-21T22:58:37Z,88:c6:26:3f:3b:75,-84
2025-04-21T22:58:38Z,88:c6:26:3f:3b:75,-85
2025-04-21T22:58:39Z,88:c6:26:3f:3b:75,-87
2025-04-21T22:58:40Z,88:c6:26:3f:3b:75,-85
2025-04-21T22:58:41Z,88:c6:26:3f:3b:75,-88
2025-04-21T22:58:42Z,88:c6:26:3f:3b:75,-86
2025-04-21T22:58:43Z,88:c6:26:3f:3b:75,-84
2025-04-21T22:58:44Z,88:c6:26:3f:3b:75,-83
2025-04-21T22:58:46Z,88:c6:26:3f:3b:75,-90
2025-04-21T22:58:47Z,88:c6:26:3f:3b:75,-84
2025-04-21T22:58:48Z,88:c6:26:3f:3b:75,-84
2025-04-21T22:58:49Z,88:c6:26:3f:3b:75,-87
2025-04-21T22:58:53Z,88:c6:26:3f:3b:75,-84
2025-04-21T22:58:54Z,88:c6:26:3f:3b:75,-83
2025-04-21T22:58:55Z,88:c6:26:3f:3b:75,-86
2025-04-21T22:58:56Z,88:c6:26:3f:3b:75,-85
2025-04-21T22:58:57Z,88:c6:26:3f:3b:75,-85
2025-04-21T22:58:58Z,88:c6:26:3f:3b:75,-86
2025-04-21T22:58:59Z,88:c6:26:3f:3b:75,-89
2025-04-21T22:59:00Z,88:c6:26:3f:3b:75,-86
2025-04-21T22:59:02Z,88:c6:26:3f:3b:75,-85
2025-04-21T22:59:04Z,88:c6:26:3f:3b:75,-87
2025-04-21T22:59:06Z,88:c6:26:3f:3b:75,-85
2025-04-21T22:59:07Z,88:c6:26:3f:3b:75,-84
2025-04-21T22:59:09Z,88:c6:26:3f:3b:75,-86
2025-04-21T22:59:10Z,88:c6:26:3f:3b:75,-86
2025-04-21T22:59:11Z,88:c6:26:3f:3b:75,-84
2025-04-21T22:59:12Z,88:c6:26:3f:3b:75,-84
2025-04-21T22:59:13Z,88:c6:26:3f:3b:75,-84
2025-04-21T22:59:17Z,88:c6:26:3f:3b:75,-83
2025-04-21T22:59:18Z,88:c6:26:3f:3b:75,-87
2025-04-21T22:59:20Z,88:c6:26:3f:3b:75,-86
2025-04-21T22:59:21Z,88:c6:26:3f:3b:75,-82
2025-04-21T22:59:22Z,88:c6:26:3f:3b:75,-85
2025-04-21T22:59:23Z,88:c6:26:3f:3b:75,-85
2025-04-21T22:59:24Z,88:c6:26:3f:3b:75,-86
2025-04-21T22:59:25Z,88:c6:26:3f:3b:75,-87
2025-04-21T22:59:26Z,88:c6:26:3f:3b:75,-86
2025-04-21T22:59:27Z,88:c6:26:3f:3b:75,-85
2025-04-21T22:59:28Z,88:c6:26:3f:3b:75,-84
2025-04-21T22:59:30Z,88:c6:26:3f:3b:75,-88
2025-04-21T22:59:31Z,88:c6:26:3f:3b:75,-83
2025-04-21T22:59:32Z,88:c6:26:3f:3b:75,-90
2025-04-21T22:59:33Z,88:c6:26:3f:3b:75,-86
2025-04-21T22:59:35Z,88:c6:26:3f:3b:75,-87
2025-04-21T22:59:36Z,88:c6:26:3f:3b:75,-85
2025-04-21T22:59:37Z,88:c6:26:3f:3b:75,-85
2025-04-21T22:59:38Z,88:c6:26:3f:3b:75,-86
2025-04-21T22:59:39Z,88:c6:26:3f:3b:75,-87
2025-04-21T22:59:41Z,88:c6:26:3f:3b:75,-84
2025-04-21T22:59:42Z,88:c6:26:3f:3b:75,-84
2025-04-21T22:59:44Z,88:c6:26:3f:3b:75,-87
2025-04-21T22:59:46Z,88:c6:26:3f:3b:75,-84
2025-04-21T22:59:47Z,88:c6:26:3f:3b:75,-88
2025-04-21T22:59:48Z,88:c6:26:3f:3b:75,-85
2025-04-21T22:59:49Z,88:c6:26:3f:3b:75,-84
2025-04-21T22:59:50Z,88:c6:26:3f:3b:75,-83
2025-04-21T22:59:51Z,88:c6:26:3f:3b:75,-86
2025-04-21T22:59:52Z,88:c6:26:3f:3b:75,-89
2025-04-21T22:59:53Z,88:c6:26:3f:3b:75,-86
2025-04-21T22:59:54Z,88:c6:26:3f:3b:75,-85
2025-04-21T22:59:55Z,88:c6:26:3f:3b:75,-87
2025-04-21T22:59:56Z,88:c6:26:3f:3b:75,-86
2025-04-21T22:59:57Z,88:c6:26:3f:3b:75,-83
2025-04-21T22:59:58Z,88:c6:26:3f:3b:75,-88
2025-04-21T22:59:59Z,88:c6:26:3f:3b:75,-90
2025-04-21T23:00:00Z,88:c6:26:3f:3b:75,-85
2025-04-21T23:00:01Z,88:c6:26:3f:3b:75,-85
2025-04-21T23:00:03Z,88:c6:26:3f:3b:75,-86
2025-04-21T23:00:04Z,88:c6:26:3f:3b:75,-84
2025-04-21T23:00:07Z,88:c6:26:3f:3b:75,-83
2025-04-21T23:00:08Z,88:c6:26:3f:3b:75,-84
2025-04-21T23:00:09Z,88:c6:26:3f:3b:75,-85
2025-04-21T23:00:10Z,88:c6:26:3f:3b:75,-86
2025-04-21T23:00:11Z,88:c6:26:3f:3b:75,-84
2025-04-21T23:00:12Z,88:c6:26:3f:3b:75,-85
2025-04-21T23:00:14Z,88:c6:26:3f:3b:75,-84
2025-04-21T23:00:15Z,88:c6:26:3f:3b:75,-84
2025-04-21T23:00:16Z,88:c6:26:3f:3b:75,-85
2025-04-21T23:00:17Z,88:c6:26:3f:3b:75,-86
2025-04-21T23:00:18Z,88:c6:26:3f:3b:75,-88
2025-04-21T23:00:19Z,88:c6:26:3f:3b:75,-83
2025-04-21T23:00:20Z,88:c6:26:3f:3b:75,-83
2025-04-21T23:00:21Z,88:c6:26:3f:3b:75,-82
2025-04-21T23:00:22Z,88:c6:26:3f:3b:75,-87
2025-04-21T23:00:23Z,88:c6:26:3f:3b:75,-86
2025-04-21T23:00:25Z,88:c6:26:3f:3b:75,-87
2025-04-21T23:00:26Z,88:c6:26:3f:3b:75,-85
2025-04-21T23:00:28Z,88:c6:26:3f:3b:75,-88
2025-04-21T23:00:29Z,88:c6:26:3f:3b:75,-88
2025-04-21T23:00:30Z,88:c6:26:3f:3b:75,-84
2025-04-21T23:00:31Z,88:c6:26:3f:3b:75,-87
2025-04-21T23:00:32Z,88:c6:26:3f:3b:75,-88
2025-04-21T23:00:33Z,88:c6:26:3f:3b:75,-85
2025-04-21T23:00:35Z,88:c6:26:3f:3b:75,-85
2025-04-21T23:00:36Z,88:c6:26:3f:3b:75,-84
2025-04-21T23:00:38Z,88:c6:26:3f:3b:75,-90
2025-04-21T23:00:39Z,88:c6:26:3f:3b:75,-85
2025-04-21T23:00:41Z,88:c6:26:3f:3b:75,-84
2025-04-21T23:00:43Z,88:c6:26:3f:3b:75,-84
2025-04-21T23:00:44Z,88:c6:26:3f:3b:75,-85
2025-04-21T23:00:45Z,88:c6:26:3f:3b:75,-85
2025-04-21T23:00:47Z,88:c6:26:3f:3b:75,-85
2025-04-21T23:00:50Z,88:c6:26:3f:3b:75,-84
2025-04-21T23:00:52Z,88:c6:26:3f:3b:75,-85
2025-04-21T23:00:54Z,88:c6:26:3f:3b:75,-87
2025-04-21T23:00:57Z,88:c6:26:3f:3b:75,-86
2025-04-21T23:00:59Z,88:c6:26:3f:3b:75,-83
2025-04-21T23:01:00Z,88:c6:26:3f:3b:75,-85
2025-04-21T23:01:02Z,88:c6:26:3f:3b:75,-86
2025-04-21T23:01:03Z,88:c6:26:3f:3b:75,-84
2025-04-21T23:01:04Z,88:c6:26:3f:3b:75,-86
2025-04-21T23:01:07Z,88:c6:26:3f:3b:75,-85
2025-04-21T23:01:10Z,88:c6:26:3f:3b:75,-81
2025-04-21T23:01:11Z,88:c6:26:3f:3b:75,-85
2025-04-21T23:01:13Z,88:c6:26:3f:3b:75,-84
2025-04-21T23:01:14Z,88:c6:26:3f:3b:75,-85
2025-04-21T23:01:15Z,88:c6:26:3f:3b:75,-91
2025-04-21T23:01:16Z,88:c6:26:3f:3b:75,-83
2025-04-21T23:01:17Z,88:c6:26:3f:3b:75,-83
2025-04-21T23:01:18Z,88:c6:26:3f:3b:75,-87
2025-04-21T23:01:19Z,88:c6:26:3f:3b:75,-86
2025-04-21T23:01:20Z,88:c6:26:3f:3b:75,-84
2025-04-21T23:01:21Z,88:c6:26:3f:3b:75,-85
2025-04-21T23:01:22Z,88:c6:26:3f:3b:75,-87
2025-04-21T23:01:23Z,88:c6:26:3f:3b:75,-87
2025-04-21T23:01:24Z,88:c6:26:3f:3b:75,-83
2025-04-21T23:01:27Z,88:c6:26:3f:3b:75,-88
2025-04-21T23:01:28Z,88:c6:26:3f:3b:75,-83
2025-04-21T23:01:29Z,88:c6:26:3f:3b:75,-85
2025-04-21T23:01:30Z,88:c6:26:3f:3b:75,-84
2025-04-21T23:01:33Z,88:c6:26:3f:3b:75,-87
2025-04-21T23:01:35Z,88:c6:26:3f:3b:75,-83
2025-04-21T23:01:39Z,88:c6:26:3f:3b:75,-87
2025-04-21T23:01:40Z,88:c6:26:3f:3b:75,-86
2025-04-21T23:01:41Z,88:c6:26:3f:3b:75,-85
2025-04-21T23:01:43Z,88:c6:26:3f:3b:75,-85
2025-04-21T23:01:44Z,88:c6:26:3f:3b:75,-85
2025-04-21T23:01:45Z,88:c6:26:3f:3b:75,-83
2025-04-21T23:01:46Z,88:c6:26:3f:3b:75,-84
2025-04-21T23:01:47Z,88:c6:26:3f:3b:75,-85
2025-04-21T23:01:48Z,88:c6:26:3f:3b:75,-84
2025-04-21T23:01:50Z,88:c6:26:3f:3b:75,-85
2025-04-21T23:01:51Z,88:c6:26:3f:3b:75,-85
2025-04-21T23:01:52Z,88:c6:26:3f:3b:75,-86
2025-04-21T23:01:53Z,88:c6:26:3f:3b:75,-83
2025-04-21T23:01:54Z,88:c6:26:3f:3b:75,-83
2025-04-21T23:01:56Z,88:c6:26:3f:3b:75,-87
2025-04-21T23:01:57Z,88:c6:26:3f:3b:75,-87
2025-04-21T23:01:58Z,88:c6:26:3f:3b:75,-86
2025-04-21T23:01:59Z,88:c6:26:3f:3b:75,-86
2025-04-21T23:02:00Z,88:c6:26:3f:3b:75,-88
2025-04-21T23:02:02Z,88:c6:26:3f:3b:75,-84
2025-04-21T23:02:03Z,88:c6:26:3f:3b:75,-84
2025-04-21T23:02:04Z,88:c6:26:3f:3b:75,-87
2025-04-21T23:02:05Z,88:c6:26:3f:3b:75,-87
2025-04-21T23:02:06Z,88:c6:26:3f:3b:75,-84
2025-04-21T23:02:07Z,88:c6:26:3f:3b:75,-84
2025-04-21T23:02:08Z,88:c6:26:3f:3b:75,-89
2025-04-21T23:02:09Z,88:c6:26:3f:3b:75,-86
2025-04-21T23:02:11Z,88:c6:26:3f:3b:75,-83
2025-04-21T23:02:13Z,88:c6:26:3f:3b:75,-88
2025-04-21T23:02:14Z,88:c6:26:3f:3b:75,-85
2025-04-21T23:02:15Z,88:c6:26:3f:3b:75,-89
2025-04-21T23:02:16Z,88:c6:26:3f:3b:75,-85
2025-04-21T23:02:17Z,88:c6:26:3f:3b:75,-86
2025-04-21T23:02:18Z,88:c6:26:3f:3b:75,-85
2025-04-21T23:02:19Z,88:c6:26:3f:3b:75,-85
2025-04-21T23:02:22Z,88:c6:26:3f:3b:75,-83
2025-04-21T23:02:23Z,88:c6:26:3f:3b:75,-84
2025-04-21T23:02:24Z,88:c6:26:3f:3b:75,-85
2025-04-21T23:02:25Z,88:c6:26:3f:3b:75,-84
2025-04-21T23:02:26Z,88:c6:26:3f:3b:75,-85
2025-04-21T23:02:27Z,88:c6:26:3f:3b:75,-84
2025-04-21T23:02:28Z,88:c6:26:3f:3b:75,-85
2025-04-21T23:02:30Z,88:c6:26:3f:3b:75,-84
2025-04-21T23:02:31Z,88:c6:26:3f:3b:75,-84
2025-04-21T23:02:32Z,88:c6:26:3f:3b:75,-85
2025-04-21T23:02:33Z,88:c6:26:3f:3b:75,-88
2025-04-21T23:02:34Z,88:c6:26:3f:3b:75,-86
2025-04-21T23:02:35Z,88:c6:26:3f:3b:75,-86
2025-04-21T23:02:36Z,88:c6:26:3f:3b:75,-86
2025-04-21T23:02:37Z,88:c6:26:3f:3b:75,-84
2025-04-21T23:02:38Z,88:c6:26:3f:3b:75,-87
2025-04-21T23:02:39Z,88:c6:26:3f:3b:75,-83
2025-04-21T23:02:40Z,88:c6:26:3f:3b:75,-84
2025-04-21T23:02:41Z,88:c6:26:3f:3b:75,-85
2025-04-21T23:02:44Z,88:c6:26:3f:3b:75,-85
2025-04-21T23:02:45Z,88:c6:26:3f:3b:75,-83
2025-04-21T23:02:46Z,88:c6:26:3f:3b:75,-84
2025-04-21T23:02:47Z,88:c6:26:3f:3b:75,-83
2025-04-21T23:02:48Z,88:c6:26:3f:3b:75,-83
2025-04-21T23:02:49Z,88:c6:26:3f:3b:75,-85
2025-04-21T23:02:50Z,88:c6:26:3f:3b:75,-86
2025-04-21T23:02:51Z,88:c6:26:3f:3b:75,-82
2025-04-21T23:02:52Z,88:c6:26:3f:3b:75,-85
2025-04-21T23:02:53Z,88:c6:26:3f:3b:75,-87
2025-04-21T23:02:54Z,88:c6:26:3f:3b:75,-85
2025-04-21T23:02:55Z,88:c6:26:3f:3b:75,-83
2025-04-21T23:02:56Z,88:c6:26:3f:3b:75,-82
2025-04-21T23:02:57Z,88:c6:26:3f:3b:75,-86
2025-04-21T23:02:58Z,88:c6:26:3f:3b:75,-85
2025-04-21T23:03:01Z,88:c6:26:3f:3b:75,-87
2025-04-21T23:03:02Z,88:c6:26:3f:3b:75,-85
2025-04-21T23:03:03Z,88:c6:26:3f:3b:75,-84
2025-04-21T23:03:06Z,88:c6:26:3f:3b:75,-84
2025-04-21T23:03:07Z,88:c6:26:3f:3b:75,-84
2025-04-21T23:03:08Z,88:c6:26:3f:3b:75,-85
2025-04-21T23:03:09Z,88:c6:26:3f:3b:75,-84
2025-04-21T23:03:10Z,88:c6:26:3f:3b:75,-87
2025-04-21T23:03:11Z,88:c6:26:3f:3b:75,-83
2025-04-21T23:03:12Z,88:c6:26:3f:3b:75,-82
2025-04-21T23:03:13Z,88:c6:26:3f:3b:75,-84
2025-04-21T23:03:14Z,88:c6:26:3f:3b:75,-87
2025-04-21T23:03:15Z,88:c6:26:3f:3b:75,-86
2025-04-21T23:03:17Z,88:c6:26:3f:3b:75,-85
2025-04-21T23:03:18Z,88:c6:26:3f:3b:75,-85
2025-04-21T23:03:19Z,88:c6:26:3f:3b:75,-85
2025-04-21T23:03:20Z,88:c6:26:3f:3b:75,-86
2025-04-21T23:03:20Z,1f:6e:49:0c:d3:8d,-93
2025-04-21T23:03:21Z,88:c6:26:3f:3b:75,-84
2025-04-21T23:03:22Z,88:c6:26:3f:3b:75,-84
2025-04-21T23:03:23Z,88:c6:26:3f:3b:75,-87
2025-04-21T23:03:24Z,88:c6:26:3f:3b:75,-85
2025-04-21T23:03:26Z,88:c6:26:3f:3b:75,-85
2025-04-21T23:03:27Z,88:c6:26:3f:3b:75,-85
2025-04-21T23:03:28Z,88:c6:26:3f:3b:75,-86
2025-04-21T23:03:29Z,88:c6:26:3f:3b:75,-85
2025-04-21T23:03:30Z,88:c6:26:3f:3b:75,-87
2025-04-21T23:03:31Z,88:c6:26:3f:3b:75,-85
2025-04-21T23:03:33Z,88:c6:26:3f:3b:75,-83
2025-04-21T23:03:34Z,88:c6:26:3f:3b:75,-86
2025-04-21T23:03:35Z,88:c6:26:3f:3b:75,-86
2025-04-21T23:03:37Z,88:c6:26:3f:3b:75,-86
2025-04-21T23:03:39Z,88:c6:26:3f:3b:75,-86
2025-04-21T23:03:41Z,88:c6:26:3f:3b:75,-85
2025-04-21T23:03:42Z,88:c6:26:3f:3b:75,-87
2025-04-21T23:03:43Z,88:c6:26:3f:3b:75,-86
2025-04-21T23:03:44Z,88:c6:26:3f:3b:75,-87
2025-04-21T23:03:45Z,88:c6:26:3f:3b:75,-85
2025-04-21T23:03:46Z,88:c6:26:3f:3b:75,-86
2025-04-21T23:03:47Z,88:c6:26:3f:3b:75,-88
2025-04-21T23:03:49Z,88:c6:26:3f:3b:75,-87
2025-04-21T23:03:50Z,88:c6:26:3f:3b:75,-89
2025-04-21T23:03:51Z,88:c6:26:3f:3b:75,-86
2025-04-21T23:03:52Z,88:c6:26:3f:3b:75,-83
2025-04-21T23:03:54Z,88:c6:26:3f:3b:75,-84
2025-04-21T23:03:55Z,88:c6:26:3f:3b:75,-85
2025-04-21T23:03:56Z,88:c6:26:3f:3b:75,-85
2025-04-21T23:03:57Z,88:c6:26:3f:3b:75,-88
2025-04-21T23:03:58Z,88:c6:26:3f:3b:75,-84
2025-04-21T23:03:59Z,88:c6:26:3f:3b:75,-84
2025-04-21T23:04:00Z,88:c6:26:3f:3b:75,-85
2025-04-21T23:04:02Z,88:c6:26:3f:3b:75,-87
2025-04-21T23:04:03Z,88:c6:26:3f:3b:75,-84
2025-04-21T23:04:04Z,88:c6:26:3f:3b:75,-84
2025-04-21T23:04:05Z,88:c6:26:3f:3b:75,-83
2025-04-21T23:04:08Z,88:c6:26:3f:3b:75,-87
2025-04-21T23:04:09Z,88:c6:26:3f:3b:75,-85
2025-04-21T23:04:10Z,88:c6:26:3f:3b:75,-89
2025-04-21T23:04:11Z,88:c6:26:3f:3b:75,-84
2025-04-21T23:04:12Z,88:c6:26:3f:3b:75,-85
2025-04-21T23:04:14Z,88:c6:26:3f:3b:75,-84
2025-04-21T23:04:15Z,88:c6:26:3f:3b:75,-88
2025-04-21T23:04:16Z,88:c6:26:3f:3b:75,-86
2025-04-21T23:04:17Z,88:c6:26:3f:3b:75,-84
2025-04-21T23:04:18Z,88:c6:26:3f:3b:75,-84
2025-04-21T23:04:19Z,88:c6:26:3f:3b:75,-87
2025-04-21T23:04:20Z,88:c6:26:3f:3b:75,-86
2025-04-21T23:04:21Z,88:c6:26:3f:3b:75,-87
2025-04-21T23:04:23Z,88:c6:26:3f:3b:75,-88
2025-04-21T23:04:24Z,88:c6:26:3f:3b:75,-82
2025-04-21T23:04:25Z,88:c6:26:3f:3b:75,-86
2025-04-21T23:04:27Z,88:c6:26:3f:3b:75,-86
2025-04-21T23:04:28Z,88:c6:26:3f:3b:75,-82
2025-04-21T23:04:29Z,88:c6:26:3f:3b:75,-88
2025-04-21T23:04:30Z,88:c6:26:3f:3b:75,-85
2025-04-21T23:04:31Z,88:c6:26:3f:3b:75,-83
2025-04-21T23:04:32Z,88:c6:26:3f:3b:75,-85
2025-04-21T23:04:34Z,88:c6:26:3f:3b:75,-89
2025-04-21T23:04:37Z,88:c6:26:3f:3b:75,-85
2025-04-21T23:04:40Z,88:c6:26:3f:3b:75,-86
2025-04-21T23:04:41Z,88:c6:26:3f:3b:75,-86
2025-04-21T23:04:44Z,88:c6:26:3f:3b:75,-82
2025-04-21T23:04:45Z,88:c6:26:3f:3b:75,-86
2025-04-21T23:04:47Z,88:c6:26:3f:3b:75,-84
2025-04-21T23:04:49Z,88:c6:26:3f:3b:75,-87
2025-04-21T23:04:51Z,88:c6:26:3f:3b:75,-84
2025-04-21T23:04:52Z,88:c6:26:3f:3b:75,-87
2025-04-21T23:04:53Z,88:c6:26:3f:3b:75,-86
2025-04-21T23:04:54Z,88:c6:26:3f:3b:75,-88
2025-04-21T23:04:55Z,88:c6:26:3f:3b:75,-83
2025-04-21T23:04:57Z,88:c6:26:3f:3b:75,-86
2025-04-21T23:04:58Z,88:c6:26:3f:3b:75,-85
2025-04-21T23:04:59Z,88:c6:26:3f:3b:75,-84
2025-04-21T23:05:01Z,88:c6:26:3f:3b:75,-86
2025-04-21T23:05:05Z,88:c6:26:3f:3b:75,-86
2025-04-21T23:05:08Z,88:c6:26:3f:3b:75,-86
2025-04-21T23:05:11Z,88:c6:26:3f:3b:75,-85
2025-04-21T23:05:14Z,88:c6:26:3f:3b:75,-85
2025-04-21T23:05:15Z,88:c6:26:3f:3b:75,-83
2025-04-21T23:05:17Z,88:c6:26:3f:3b:75,-84
2025-04-21T23:05:20Z,88:c6:26:3f:3b:75,-86
2025-04-21T23:05:22Z,88:c6:26:3f:3b:75,-84
2025-04-21T23:05:25Z,88:c6:26:3f:3b:75,-86
2025-04-21T23:05:28Z,88:c6:26:3f:3b:75,-83
2025-04-21T23:05:29Z,88:c6:26:3f:3b:75,-84
2025-04-21T23:05:31Z,88:c6:26:3f:3b:75,-85
2025-04-21T23:05:32Z,88:c6:26:3f:3b:75,-86
2025-04-21T23:05:33Z,88:c6:26:3f:3b:75,-84
2025-04-21T23:05:34Z,88:c6:26:3f:3b:75,-84
2025-04-21T23:05:37Z,88:c6:26:3f:3b:75,-85
2025-04-21T23:05:42Z,88:c6:26:3f:3b:75,-85
2025-04-21T23:05:42Z,1f:6e:49:0c:d3:8d,-92
2025-04-21T23:05:47Z,88:c6:26:3f:3b:75,-83
2025-04-21T23:05:57Z,88:c6:26:3f:3b:75,-85
2025-04-21T23:06:00Z,88:c6:26:3f:3b:75,-84
2025-04-21T23:06:03Z,88:c6:26:3f:3b:75,-86
2025-04-21T23:06:06Z,88:c6:26:3f:3b:75,-84
2025-04-21T23:06:09Z,88:c6:26:3f:3b:75,-84
2025-04-21T23:06:12Z,88:c6:26:3f:3b:75,-87
2025-04-21T23:06:15Z,88:c6:26:3f:3b:75,-83
2025-04-21T23:06:20Z,88:c6:26:3f:3b:75,-85
2025-04-21T23:06:22Z,88:c6:26:3f:3b:75,-82
2025-04-21T23:06:25Z,88:c6:26:3f:3b:75,-82
2025-04-21T23:06:27Z,88:c6:26:3f:3b:75,-88
2025-04-21T23:06:30Z,88:c6:26:3f:3b:75,-84
2025-04-21T23:06:33Z,88:c6:26:3f:3b:75,-83
2025-04-21T23:06:36Z,88:c6:26:3f:3b:75,-83
2025-04-21T23:06:38Z,88:c6:26:3f:3b:75,-86
2025-04-21T23:06:41Z,88:c6:26:3f:3b:75,-87
2025-04-21T23:06:43Z,88:c6:26:3f:3b:75,-84
2025-04-21T23:06:46Z,88:c6:26:3f:3b:75,-84
2025-04-21T23:06:50Z,88:c6:26:3f:3b:75,-85
2025-04-21T23:06:53Z,88:c6:26:3f:3b:75,-83
2025-04-21T23:06:57Z,88:c6:26:3f:3b:75,-84
2025-04-21T23:06:59Z,88:c6:26:3f:3b:75,-87
2025-04-21T23:07:03Z,88:c6:26:3f:3b:75,-86
2025-04-21T23:07:06Z,88:c6:26:3f:3b:75,-86
2025-04-21T23:07:12Z,88:c6:26:3f:3b:75,-84
2025-04-21T23:07:14Z,88:c6:26:3f:3b:75,-83
2025-04-21T23:07:20Z,88:c6:26:3f:3b:75,-86
2025-04-21T23:07:23Z,88:c6:26:3f:3b:75,-87
2025-04-21T23:07:26Z,88:c6:26:3f:3b:75,-87
2025-04-21T23:07:29Z,88:c6:26:3f:3b:75,-85
2025-04-21T23:07:32Z,88:c6:26:3f:3b:75,-83
2025-04-21T23:07:35Z,88:c6:26:3f:3b:75,-86
2025-04-21T23:07:37Z,88:c6:26:3f:3b:75,-88
2025-04-21T23:07:38Z,88:c6:26:3f:3b:75,-84
2025-04-21T23:07:40Z,88:c6:26:3f:3b:75,-86
2025-04-21T23:07:46Z,88:c6:26:3f:3b:75,-86
2025-04-21T23:07:48Z,88:c6:26:3f:3b:75,-83
2025-04-21T23:07:50Z,88:c6:26:3f:3b:75,-84
2025-04-21T23:07:54Z,88:c6:26:3f:3b:75,-86
2025-04-21T23:07:56Z,88:c6:26:3f:3b:75,-86
2025-04-21T23:07:59Z,88:c6:26:3f:3b:75,-88
2025-04-21T23:08:02Z,88:c6:26:3f:3b:75,-86
2025-04-21T23:08:04Z,88:c6:26:3f:3b:75,-89
2025-04-21T23:08:04Z,1f:6e:49:0c:d3:8d,-91
2025-04-21T23:08:08Z,88:c6:26:3f:3b:75,-85
2025-04-21T23:08:11Z,88:c6:26:3f:3b:75,-86
2025-04-21T23:08:13Z,88:c6:26:3f:3b:75,-87
2025-04-21T23:08:16Z,88:c6:26:3f:3b:75,-88
2025-04-21T23:08:17Z,88:c6:26:3f:3b:75,-87
2025-04-21T23:08:24Z,88:c6:26:3f:3b:75,-84
2025-04-21T23:08:27Z,88:c6:26:3f:3b:75,-85
2025-04-21T23:08:30Z,88:c6:26:3f:3b:75,-83
2025-04-21T23:08:33Z,88:c6:26:3f:3b:75,-86
2025-04-21T23:08:36Z,88:c6:26:3f:3b:75,-88
2025-04-21T23:08:39Z,88:c6:26:3f:3b:75,-87
2025-04-21T23:08:42Z,1f:6e:49:0c:d3:8d,-91
2025-04-21T23:08:45Z,88:c6:26:3f:3b:75,-84
2025-04-21T23:08:47Z,88:c6:26:3f:3b:75,-87
2025-04-21T23:08:50Z,88:c6:26:3f:3b:75,-83
2025-04-21T23:08:54Z,88:c6:26:3f:3b:75,-87
2025-04-21T23:08:57Z,88:c6:26:3f:3b:75,-88
2025-04-21T23:09:02Z,88:c6:26:3f:3b:75,-84
2025-04-21T23:09:06Z,88:c6:26:3f:3b:75,-84
2025-04-21T23:09:16Z,88:c6:26:3f:3b:75,-85
2025-04-21T23:09:20Z,88:c6:26:3f:3b:75,-87
2025-04-21T23:09:20Z,1f:6e:49:0c:d3:8e,-97
2025-04-21T23:09:26Z,88:c6:26:3f:3b:75,-84
2025-04-21T23:09:30Z,88:c6:26:3f:3b:75,-85
2025-04-21T23:09:30Z,1f:6e:49:0c:d3:8d,-92
2025-04-21T23:09:30Z,1f:6e:49:0c:d3:8e,-94
2025-04-21T23:09:30Z,1f:6e:49:0c:d3:8c,-95
2025-04-21T23:09:32Z,88:c6:26:3f:3b:75,-85
2025-04-21T23:09:36Z,88:c6:26:3f:3b:75,-86
2025-04-21T23:09:40Z,88:c6:26:3f:3b:75,-85
2025-04-21T23:09:44Z,88:c6:26:3f:3b:75,-83
2025-04-21T23:10:01Z,88:c6:26:3f:3b:75,-86
2025-04-21T23:10:07Z,88:c6:26:3f:3b:75,-86
2025-04-21T23:10:07Z,1f:6e:49:0c:d3:8e,-92
2025-04-21T23:10:15Z,88:c6:26:3f:3b:75,-86
2025-04-21T23:10:20Z,88:c6:26:3f:3b:75,-85
2025-04-21T23:10:28Z,88:c6:26:3f:3b:75,-84
2025-04-21T23:10:38Z,88:c6:26:3f:3b:75,-86
2025-04-21T23:10:43Z,88:c6:26:3f:3b:75,-85
2025-04-21T23:10:47Z,88:c6:26:3f:3b:75,-84
2025-04-21T23:10:50Z,88:c6:26:3f:3b:75,-83
2025-04-21T23:10:54Z,88:c6:26:3f:3b:75,-85
2025-04-21T23:10:57Z,88:c6:26:3f:3b:75,-88
2025-04-21T23:11:02Z,88:c6:26:3f:3b:75,-86
2025-04-21T23:11:17Z,88:c6:26:3f:3b:75,-86
2025-04-21T23:11:30Z,88:c6:26:3f:3b:75,-83
2025-04-21T23:11:41Z,88:c6:26:3f:3b:75,-85
2025-04-21T23:11:48Z,88:c6:26:3f:3b:75,-85
2025-04-21T23:12:05Z,88:c6:26:3f:3b:75,-85
2025-04-21T23:12:05Z,1f:6e:49:0c:d3:8e,-96
2025-04-21T23:12:17Z,88:c6:26:3f:3b:75,-85
2025-04-21T23:12:25Z,88:c6:26:3f:3b:75,-87
2025-04-21T23:12:31Z,88:c6:26:3f:3b:75,-84
2025-04-21T23:12:39Z,88:c6:26:3f:3b:75,-87
2025-04-21T23:12:45Z,88:c6:26:3f:3b:75,-86
2025-04-21T23:13:29Z,88:c6:26:3f:3b:75,-85
2025-04-21T23:13:34Z,88:c6:26:3f:3b:75,-83
2025-04-21T23:13:38Z,88:c6:26:3f:3b:75,-87
2025-04-21T23:13:44Z,88:c6:26:3f:3b:75,-84
2025-04-21T23:13:49Z,88:c6:26:3f:3b:75,-84
2025-04-21T23:13:55Z,88:c6:26:3f:3b:75,-87
